MLA76171,MLA500509349,MLA488966057,MLA502871730
MLA4627,MLA500992418
MLA125316,MLA495384930,MLA496884609
MLA30161,MLA501339583,MLA498728891
MLA44035,MLA493400074,MLA495912001
MLA4621,MLA500995263,MLA501577891,MLA502586312,MLA502382610
MLA37467,MLA501675034,MLA499637231,MLA499076672
MLA44313,MLA501233985,MLA497841048
MLA100780,MLA501369594,MLA502515944,MLA495734255
MLA44310,MLA501340840,MLA495069417,MLA499959818,MLA500911917,MLA495577878,MLA499988044,MLA495922433,MLA498761960,MLA495577870,MLA496448688,MLA500890007,MLA499743865,MLA499743867,MLA499743868,MLA502039460,MLA496448681,MLA495924884,MLA502766563,MLA495499283,MLA495069409,MLA495577868,MLA498717393,MLA502360076,MLA498113173,MLA502360075,MLA498717397,MLA495577885,MLA498289971,MLA495577881,MLA502039473,MLA499970967,MLA497746836,MLA495425504,MLA502039459,MLA499902485
MLA4623,MLA496942335
MLA43148,MLA497313777
MLA86840,MLA499555900
MLA76177,MLA502871737,MLA492412181,MLA488216482,MLA490338875,MLA498647237,MLA499957862,MLA498067392,MLA493239892,MLA498992364,MLA499965700,MLA500702626,MLA494758069,MLA502458975,MLA500702625,MLA498792998,MLA498840329
MLA95169,MLA495193577,MLA500570733,MLA498780328,MLA500334542,MLA496394238,MLA499545167,MLA500156213,MLA500008136
MLA4154,MLA496429996,MLA495380846
MLA4637,MLA499270270,MLA498835769
MLA1664,MLA496907957,MLA499973525
MLA37864,MLA499365231
MLA17932,MLA502351831,MLA496315410,MLA500992409,MLA496315280,MLA498030482,MLA498029231
MLA8812,MLA499748196,MLA496254756
MLA72698,MLA499195395,MLA499208847,MLA499137886,MLA499204197
MLA76186,MLA496953448
MLA72696,MLA488904090
MLA72697,MLA500686579
MLA37472,MLA498097130,MLA495336521
MLA37473,MLA501902739,MLA495007964,MLA501812516
MLA37474,MLA495905430
MLA92508,MLA502201532,MLA502198594,MLA493298236
MLA31016,MLA501280324,MLA490325134,MLA498730168
MLA86834,MLA502378634,MLA502378625,MLA495588455,MLA502378623,MLA497820235,MLA497012124,MLA502868057,MLA501679256,MLA496956154,MLA500819150,MLA502708684,MLA499846152,MLA498641746,MLA495924914
MLA2916,MLA493236498
MLA37862,MLA500950759
MLA72688,MLA497313773
MLA4608,MLA501219028
MLA6269,MLA502580034,MLA500257177,MLA499613248,MLA498200878,MLA490313184,MLA498752575,MLA502335416
MLA66223,MLA497393499,MLA497393493
MLA115388,MLA499775432
MLA25795,MLA495209587,MLA496290308,MLA497941724,MLA496106456,MLA496290296,MLA502723028,MLA498530665,MLA497941727,MLA502018689,MLA497941725,MLA501831577,MLA495209245,MLA497928800,MLA495208973,MLA499458836
MLA76150,MLA497229807,MLA497229759
MLA6078,MLA501700558
MLA1402,MLA497537836,MLA497630621,MLA491959432,MLA502198610
MLA2534,MLA500993741,MLA500995305,MLA499617267,MLA499617305,MLA495946835,MLA500986616,MLA499617264,MLA499617302,MLA499617274,MLA499160755,MLA498837914,MLA500863778,MLA500994398,MLA496122182,MLA500992234,MLA500994692,MLA500992927,MLA500985023,MLA496942331,MLA500985536
MLA48256,MLA500291982,MLA501492994
MLA72684,MLA495905554
MLA23439,MLA501123780,MLA495510577
MLA72685,MLA502288677,MLA497114209,MLA498837099
MLA72686,MLA495390520
MLA53803,MLA499907653
MLA53802,MLA501350083,MLA501349122,MLA501348414
MLA60281,MLA496884416,MLA498791454,MLA501787723
MLA24800,MLA501871448
MLA30143,MLA497812506
MLA95141,MLA498841009
MLA83732,MLA494310602
MLA17954,MLA495922421,MLA501816438,MLA502531533,MLA502378622,MLA502378621,MLA495924883
MLA31919,MLA495736771
MLA17957,MLA496231612,MLA500008415
MLA83719,MLA497604858
MLA87724,MLA495340716,MLA500285701
MLA64214,MLA495248977
MLA72675,MLA494169229
MLA72672,MLA495949273
MLA65741,MLA502462057
MLA75549,MLA489873167
MLA2105,MLA496707482,MLA499748097,MLA498337341
MLA2103,MLA497200773
MLA72661,MLA491438318,MLA498129550,MLA500805563
MLA124413,MLA501941612
MLA9291,MLA499617266,MLA502866010
MLA47912,MLA502515453,MLA500574951,MLA502518180,MLA502502196,MLA502517618,MLA499389333,MLA495385811,MLA502515600,MLA502505475,MLA500575401,MLA502518081
MLA36584,MLA497812516,MLA498029233,MLA498473720,MLA500029967,MLA498964479,MLA498029258
MLA4189,MLA498231206,MLA498598179,MLA498858871
MLA18326,MLA496434732,MLA497393486
MLA65739,MLA499339043,MLA494207198
MLA5440,MLA497889098
MLA1893,MLA501406343,MLA499636396,MLA495096040
MLA92701,MLA497154595
MLA37635,MLA499407327
MLA17960,MLA499365265,MLA502753710,MLA496739987,MLA498266087,MLA501002913,MLA502052022,MLA502753695,MLA498266155,MLA502753698
MLA5057,MLA499638866,MLA498878173
MLA30129,MLA496479397
MLA24046,MLA496091415
MLA60299,MLA495610010,MLA499406056,MLA498818096,MLA501787695,MLA495063414,MLA501788097,MLA498837896,MLA496327768,MLA493227848
MLA9689,MLA502691381
MLA54771,MLA496806167
MLA72659,MLA494742682,MLA489880510,MLA490811325,MLA494743817,MLA500277346,MLA495749711,MLA493196260,MLA499939798
MLA39614,MLA502740540
MLA36570,MLA500587324,MLA496121792,MLA496767073,MLA501737935,MLA495133325,MLA501339782,MLA496767061,MLA500686569,MLA496737666
MLA30113,MLA496942319,MLA502035409,MLA496463474,MLA495899088,MLA499779608,MLA501787696,MLA502034793,MLA500687036,MLA502036097,MLA499399400,MLA495204369,MLA502035214,MLA502036059,MLA502228632,MLA496462760,MLA495196724,MLA497117524
MLA3530,MLA502452694,MLA500221870,MLA498725499,MLA499806320,MLA498221584,MLA495363922,MLA502452920,MLA499591142,MLA500863786,MLA502452272,MLA498713066,MLA498864734,MLA497371043,MLA502452232,MLA499309637,MLA496942309,MLA501738157,MLA498685693,MLA499592213,MLA502452026,MLA495275582,MLA501700544,MLA499617306,MLA501078617,MLA495363890,MLA502060277,MLA498215445,MLA495946830,MLA502518569,MLA502453001,MLA499617309,MLA497865081,MLA500731650,MLA502585765,MLA502585764,MLA502585785,MLA502451947
MLA112397,MLA502425907,MLA500450565,MLA502425906,MLA496031130,MLA495307620,MLA495179857,MLA495306844,MLA495307290,MLA499602471,MLA497409817,MLA494341404,MLA495308050,MLA496662766,MLA499602473,MLA500037706,MLA495307471,MLA496648137,MLA496648136,MLA498471520,MLA497409939,MLA496031134,MLA497786413,MLA496031131,MLA496648130,MLA497409902,MLA500450554,MLA502426490,MLA500450556,MLA502135999,MLA496031140,MLA502425914,MLA500450570,MLA497786422,MLA496031141,MLA496648116,MLA497409964,MLA499602465,MLA496648129,MLA502136002,MLA496662685,MLA496031143,MLA497409928,MLA497786423,MLA495306999,MLA495180536
MLA95131,MLA501067995,MLA499152707
MLA3535,MLA500102871,MLA497399475,MLA496500835
MLA36577,MLA495398911
MLA126368,MLA498431220
MLA37234,MLA498395331,MLA496479351,MLA493940337
MLA42431,MLA501900367,MLA501402861,MLA502693858,MLA500931018,MLA501402662,MLA500939134,MLA501900694,MLA501899331
MLA31646,MLA494440970
MLA2959,MLA500550963
MLA62928,MLA497544018
MLA43715,MLA502686275,MLA496202632,MLA498842400,MLA502686273
MLA6036,MLA499365245
MLA49359,MLA493237582,MLA500444141,MLA502871738,MLA497630606,MLA494758065,MLA497090128,MLA498067386
MLA30389,MLA500651583
MLA30101,MLA498067574
MLA36566,MLA495704909,MLA501737933,MLA501737934,MLA495703918,MLA501737928
MLA2962,MLA499617272,MLA500116364,MLA495321423,MLA500116369,MLA500116368
MLA31630,MLA499185677
MLA37611,MLA498837918
MLA54182,MLA488341453
MLA3520,MLA490953503,MLA500619655,MLA497876112,MLA499297076,MLA499329751,MLA501674961,MLA501765858,MLA496354658,MLA499327260,MLA497107224,MLA500366101,MLA501675130,MLA499297283
MLA95109,MLA502018703,MLA502691392
MLA62934,MLA495946860,MLA499617291
MLA23470,MLA495384265,MLA502175614,MLA502175206,MLA501918356
MLA95106,MLA498915403
MLA23472,MLA501649668,MLA501648468,MLA501650942,MLA501651148,MLA502107438,MLA502177407,MLA500046700,MLA501919584,MLA500051117,MLA495503277,MLA502283971,MLA495326151,MLA496756076,MLA496755620,MLA501761035,MLA501649026,MLA495503882,MLA501647815
MLA44535,MLA502455575,MLA502579855
MLA3529,MLA499582022,MLA498534429,MLA500684760,MLA499582031,MLA499582027,MLA497888486,MLA497888599,MLA498534432,MLA500533664,MLA498236733,MLA496383594,MLA499219866
MLA23468,MLA495487486,MLA501924339,MLA496752690,MLA496751039,MLA495571750
MLA82876,MLA495389950,MLA497085160
MLA44540,MLA501910630,MLA501339543,MLA499582006,MLA502290272,MLA502353231
MLA10686,MLA496767871,MLA502296287,MLA501389521
MLA10683,MLA499190820
MLA5977,MLA500823372
MLA2342,MLA497941173
MLA36551,MLA499732166,MLA498858277
MLA36552,MLA500992414
MLA2974,MLA500973312,MLA500852283,MLA500854273
MLA95115,MLA498915398,MLA499329169
MLA37600,MLA497909605,MLA496074511,MLA502745887,MLA497909589,MLA502198601,MLA502202740
MLA49346,MLA501787789
MLA49345,MLA500533171
MLA37602,MLA494026265
MLA34329,MLA496463635
MLA49342,MLA496393946
MLA95110,MLA497941722,MLA495595098,MLA495595099,MLA496290447
MLA10681,MLA498729047
MLA14755,MLA500392186,MLA501739996
MLA95118,MLA498915391,MLA498915397
MLA2976,MLA497948496,MLA500196770,MLA501071549
MLA2977,MLA497263529,MLA499590964,MLA499896705,MLA497861691,MLA497861259,MLA499779284,MLA496121936,MLA499195478,MLA502452941,MLA501078571
MLA62959,MLA498600616,MLA496122167,MLA496122177
MLA2980,MLA497869227,MLA500102937,MLA495783793
MLA116947,MLA496757246,MLA495582548
MLA57875,MLA500288046,MLA499744087,MLA496768051,MLA495335751
MLA18367,MLA499458365,MLA497030832
MLA57879,MLA498837923
MLA125507,MLA494927205,MLA497537821
MLA18366,MLA492154319,MLA497650480
MLA45846,MLA497330956
MLA18362,MLA496034707,MLA488524336
MLA3703,MLA493251066
MLA127647,MLA498717852
MLA2998,MLA495260930
MLA81526,MLA496806017
MLA5488,MLA498118683
MLA62961,MLA498341357
MLA2996,MLA495208072
MLA62962,MLA498057495,MLA497319836,MLA500197243,MLA500197041,MLA500197209
MLA1458,MLA498915394,MLA498915393,MLA499617292,MLA501579784,MLA502464385,MLA498915390,MLA500091319,MLA502585783,MLA496562351
MLA71779,MLA497683028,MLA491887370
MLA127658,MLA500275761,MLA500105701
MLA125510,MLA498837908
MLA125764,MLA499538519,MLA495918544,MLA497333417
MLA90335,MLA496286272,MLA496286289,MLA496360609,MLA496383350,MLA496286280,MLA496383058
MLA90336,MLA495912501,MLA496911735
MLA126379,MLA498029241
MLA90331,MLA498432032,MLA500196310
MLA62973,MLA497941153
MLA30804,MLA499618247,MLA489071917,MLA501106361,MLA497215249,MLA494351028,MLA496733095,MLA502458253,MLA494316676,MLA492688285,MLA497044791
MLA30803,MLA494322323,MLA500508025,MLA497937176,MLA496118592,MLA494556776,MLA502284212,MLA497215257,MLA500508031,MLA501899208,MLA494452998,MLA489793781,MLA489930068,MLA499130475,MLA494554884,MLA495947459,MLA495076404,MLA494322799
MLA30806,MLA497920234,MLA494299446
MLA30805,MLA495047363
MLA18349,MLA501238409
MLA1070,MLA495039321,MLA495337093
MLA87520,MLA499365230,MLA499365237,MLA500992417,MLA502753689,MLA502753719
MLA126385,MLA495230058
MLA125771,MLA501093429
MLA87522,MLA498029235,MLA499365250,MLA498030853,MLA496595231,MLA496969525,MLA502753676,MLA501562716
MLA87523,MLA498284821
MLA87525,MLA497547477
MLA117215,MLA499966369
MLA25921,MLA501831578,MLA498060671,MLA497941726
MLA81505,MLA499022708
MLA1889,MLA498567282
MLA22375,MLA498754328,MLA498827403,MLA500605897,MLA495576290,MLA501567640,MLA501363839,MLA501334265,MLA502181749,MLA501567341,MLA498827414,MLA501567328,MLA500517132
MLA62985,MLA501880488
MLA22374,MLA501798451,MLA502519594
MLA90344,MLA496741085
MLA44774,MLA498076018,MLA502402152,MLA496309799,MLA497528819,MLA496309798
MLA37646,MLA494941204,MLA495400372,MLA495687730
MLA1881,MLA502585758
MLA62980,MLA495208066,MLA498780325,MLA500471429,MLA498780321,MLA500471436
MLA36518,MLA499625959,MLA501304194,MLA501300181,MLA500726817,MLA500726813
MLA37643,MLA501123384
MLA37640,MLA501122091,MLA499625705,MLA496814021,MLA501121542
MLA22378,MLA495610962
MLA1607,MLA495681184,MLA494499663,MLA498582838,MLA501340226,MLA500034107,MLA501340230,MLA495108616,MLA495196878,MLA496487372,MLA496468480,MLA497214663,MLA495334956,MLA500541339,MLA495681192,MLA496479843,MLA498037083,MLA499518860,MLA495108593,MLA501324015,MLA495113845,MLA497313627,MLA501363191
MLA22377,MLA501568547,MLA500719354,MLA500609616,MLA495383527,MLA500717880,MLA500722230,MLA501568642,MLA502584063,MLA502141893,MLA501790104,MLA496766827,MLA501568574,MLA502068545,MLA501792447,MLA500722756
MLA126394,MLA502607822
MLA30825,MLA502284207,MLA502284209
MLA74521,MLA501460339,MLA499478980,MLA502795117
MLA1227,MLA495946891,MLA498471957
MLA44768,MLA501304311,MLA496195992
MLA11982,MLA496118256,MLA500180931
MLA30823,MLA502284200,MLA499016678,MLA492072014,MLA501944868,MLA492072347,MLA499015356,MLA502689951,MLA495047002,MLA500517085
MLA119365,MLA495824131
MLA125550,MLA490915606,MLA501953460,MLA502527451,MLA497776725
MLA74529,MLA498839334,MLA496480267,MLA497209880,MLA501373751
MLA7200,MLA501761811,MLA500245198,MLA494910515
MLA74524,MLA495456840,MLA495223969
MLA11989,MLA495860095,MLA500715337,MLA500584593,MLA500423520
MLA125741,MLA498837902,MLA501726531
MLA74526,MLA500833040,MLA501771432
MLA74527,MLA500829110
MLA22325,MLA496463570
MLA1615,MLA497183265
MLA22322,MLA499390293,MLA499391411,MLA502580898,MLA502581866,MLA502582416,MLA502582039
MLA1422,MLA499617295,MLA499617278,MLA499617304,MLA496942326
MLA118736,MLA496812210,MLA496599429,MLA496796934,MLA501122600,MLA496042812
MLA5236,MLA500992639,MLA500834522,MLA502753684,MLA499365886,MLA496741084,MLA500992413,MLA501002932
MLA8860,MLA499076829
MLA11996,MLA496081067
MLA72195,MLA498790308,MLA502762001,MLA498227791,MLA501379691,MLA496395689,MLA500587838
MLA30812,MLA502315581,MLA499780584
MLA72196,MLA494537943
MLA30813,MLA498842110
MLA30810,MLA500533167,MLA499465581,MLA500590329,MLA500533174,MLA500964499,MLA501342937,MLA501339786,MLA500686570,MLA500533173,MLA502842253,MLA500529721
MLA30811,MLA495946552,MLA501787688,MLA499115221,MLA498029220
MLA7211,MLA496484449,MLA496510615,MLA495689994,MLA498101745
MLA1828,MLA498310642,MLA499128886
MLA125752,MLA502314249,MLA501385938,MLA502315058,MLA495073307,MLA501384954
MLA18394,MLA499569400
MLA7209,MLA499252847,MLA499458835
MLA56782,MLA490704653,MLA497604532,MLA496250748,MLA494340670,MLA500805572,MLA498394432
MLA87510,MLA495222543
MLA18390,MLA498664086,MLA498664096,MLA496738978,MLA499365889,MLA498526433,MLA498526447,MLA496507942,MLA498664101,MLA498664093
MLA115128,MLA500950927
MLA11990,MLA500301727,MLA496051086,MLA500304419
MLA72191,MLA500925879,MLA501914031,MLA500572931
MLA110993,MLA496772721
MLA87519,MLA499846160,MLA500446908,MLA500819143,MLA497103366
MLA87518,MLA499365236,MLA500992415,MLA502753673
MLA1622,MLA499865667,MLA498837611
MLA30809,MLA492072787,MLA498084496,MLA494719505,MLA495050339,MLA495048890
MLA18398,MLA499365877,MLA499365869,MLA499365890,MLA496740621,MLA498228216,MLA499365242,MLA502753707,MLA499365891,MLA498526440
MLA1620,MLA496202609,MLA501094360,MLA502865754,MLA501094589
MLA30807,MLA495050884
MLA22318,MLA496786353,MLA499388779,MLA496763277,MLA496787033,MLA500050324,MLA495485723,MLA501796438,MLA499317172,MLA495488461
MLA34199,MLA502035140,MLA496463724,MLA502034900,MLA502034865
MLA120681,MLA500758321,MLA495051788,MLA501757829
MLA127672,MLA499622581
MLA120280,MLA496795735,MLA496791374,MLA500990898,MLA500991884
MLA61802,MLA501634868
MLA127671,MLA496971179,MLA501007021,MLA497144554,MLA501246630,MLA496313076,MLA497152792
MLA74504,MLA501265434
MLA30840,MLA499730113,MLA500494364,MLA495067373,MLA495054238,MLA493550483,MLA500507636,MLA501106874,MLA496743253
MLA82285,MLA492065893
MLA74508,MLA499174927
MLA125721,MLA496157263,MLA497708083
MLA70502,MLA497812524,MLA497812525,MLA500008574,MLA497812510,MLA497812500,MLA498729012,MLA495905493,MLA497812505,MLA499127964
MLA116721,MLA501281725,MLA490790374,MLA498646281
MLA70503,MLA497876109,MLA502703436,MLA496010603,MLA499076430,MLA500948287,MLA498514233
MLA116722,MLA500143551
MLA65798,MLA496914494,MLA500848079
MLA70504,MLA502720225,MLA500533844,MLA497245073,MLA496073181,MLA496762360,MLA495905657,MLA502579721,MLA497876113,MLA495906321,MLA498192877,MLA497056250,MLA496008658,MLA501910339,MLA501343207,MLA501343204,MLA497055694,MLA495001242,MLA496223357,MLA498200955,MLA495604338,MLA502720471,MLA492599974,MLA497056342,MLA501765859,MLA499164958,MLA502607566
MLA65799,MLA500855360,MLA500845014,MLA500675124
MLA40522,MLA497872873
MLA116720,MLA497213940
MLA95391,MLA496122163
MLA120272,MLA496790287,MLA496784098,MLA496784273,MLA496787668,MLA500991292,MLA497094509
MLA65793,MLA488696271,MLA498294465,MLA500676067
MLA1635,MLA495055656,MLA495071952,MLA501340839,MLA501340844,MLA500040370
MLA65794,MLA498201301
MLA11191,MLA502333623,MLA500560426
MLA95592,MLA497941148
MLA70501,MLA498224925
MLA18388,MLA500685223,MLA498526462,MLA496514016,MLA502753718,MLA498526439
MLA36904,MLA500851635
MLA4851,MLA491497640,MLA495952826,MLA495052209,MLA495052000,MLA495051793,MLA495051585
MLA30834,MLA499865673,MLA500508033
MLA5233,MLA499968643,MLA502419587,MLA501257627,MLA496766426,MLA498306726,MLA493630959,MLA494562796,MLA490612391,MLA501257451,MLA494562316,MLA501667209,MLA489796803,MLA500578049,MLA501405881,MLA500673860,MLA500814049,MLA499547787,MLA501667189,MLA499968649
MLA30835,MLA502284196,MLA494225083,MLA489798855,MLA495952787,MLA498226455,MLA497118499
MLA5232,MLA497044787,MLA502600301,MLA497924783,MLA497118568,MLA498512484,MLA501814809,MLA494554335,MLA495963430,MLA493640048,MLA497035970,MLA501502876,MLA502600759,MLA495067433,MLA489072615,MLA489939415,MLA499865854,MLA494232010,MLA500646340,MLA496118603,MLA498083183,MLA489075657,MLA495954501,MLA496036711,MLA498548491,MLA495957768,MLA499493664,MLA495949297,MLA494472718,MLA502612773,MLA495955366,MLA501499615,MLA491235536,MLA502612461,MLA500023822,MLA494571089,MLA495954691,MLA502604749,MLA495073077,MLA502342104,MLA495952563,MLA501895437
MLA5231,MLA497118185,MLA502309568,MLA502302615,MLA500533169,MLA502284211,MLA498811775,MLA502012279,MLA500822681,MLA495984313,MLA501821533,MLA501747551,MLA492666303,MLA499724207,MLA500529722,MLA501736148,MLA495970388,MLA495074944
MLA83768,MLA498240472
MLA30833,MLA499778156,MLA499193697,MLA495704910,MLA500964501
MLA5230,MLA494374500,MLA502419586,MLA498548502,MLA491565358,MLA490783717,MLA490086725,MLA500712043,MLA492669202,MLA489930186,MLA495070292,MLA500020115,MLA490087233,MLA499030769,MLA501094980,MLA495073779,MLA497887439,MLA489797335,MLA501467929,MLA492069302,MLA494574151,MLA495109636,MLA495080281
MLA95197,MLA496942333,MLA496942318,MLA496122194
MLA30839,MLA498528535,MLA490860405,MLA494355395,MLA489146533,MLA498750114
MLA30837,MLA501363188
MLA125731,MLA498233675
MLA62681,MLA497044475,MLA498837095
MLA30831,MLA500508034
MLA40511,MLA496442575
MLA90107,MLA488906305
MLA116715,MLA501830250,MLA497690328
MLA5229,MLA497044788,MLA491064562,MLA489354673,MLA497911722,MLA500711068,MLA498664423,MLA499707936,MLA500532727,MLA502527660,MLA498548495,MLA495948283,MLA495950308,MLA498857681,MLA502687774,MLA496559426,MLA498516843,MLA498507033,MLA489798817,MLA502419583,MLA495950334,MLA500508030,MLA498026798,MLA495945829,MLA489950411,MLA491710299,MLA501896146,MLA502564523,MLA498749693
MLA1643,MLA499518965,MLA496047676,MLA499262843,MLA500132658,MLA498118672,MLA497786425,MLA500450564,MLA499128856
MLA116716,MLA499012962
MLA116717,MLA500416650,MLA498328215,MLA502633353,MLA501709977,MLA501713316
MLA5227,MLA497192356,MLA496679161,MLA501093175,MLA501342936,MLA501082409,MLA500717037,MLA500817747,MLA497929931,MLA500590332,MLA501944874
MLA1642,MLA498530146,MLA501505382,MLA499519936,MLA499519084,MLA498072677,MLA499519954,MLA499519880,MLA499519186,MLA499519838,MLA502535206,MLA498530538,MLA498072709,MLA499519155
MLA86328,MLA494948771,MLA496293783,MLA495493161,MLA495760629
MLA85724,MLA494026271,MLA500078356,MLA501803954,MLA493825863,MLA495575446,MLA497812515,MLA495243604,MLA496518780,MLA491730080,MLA498029226,MLA488495946,MLA493236671,MLA492768930,MLA499639830,MLA498843798,MLA502198579,MLA499744331,MLA491729978,MLA502453928,MLA490463889,MLA500701768,MLA500087055
MLA121717,MLA498207164
MLA127437,MLA499125720,MLA499620039,MLA499625021
MLA86329,MLA495483066,MLA500732491,MLA499235495,MLA497906816,MLA497535737,MLA496751451,MLA496367587
MLA85727,MLA501787694,MLA501788638,MLA501787706
MLA101353,MLA500525068,MLA500568188,MLA499124093,MLA502701813,MLA500573278
MLA63262,MLA497233362,MLA498029259,MLA495610012,MLA501601216,MLA498178831,MLA498878145
MLA125475,MLA502566299,MLA495893336,MLA494736855,MLA494736821
MLA101354,MLA499016211,MLA495384979
MLA120853,MLA501298397,MLA495729933,MLA502329686,MLA500688266,MLA497461123
MLA86323,MLA500732501
MLA39971,MLA499520043,MLA491887197
MLA1902,MLA500136952,MLA501450416,MLA497941159,MLA497225711
MLA10212,MLA501342934,MLA498716525,MLA499193995,MLA502302624,MLA500822682
MLA119711,MLA497210420,MLA500696483
MLA1903,MLA496942337
MLA1259,MLA498029218
MLA48905,MLA501386072
MLA1901,MLA500140486,MLA502330494,MLA499602470,MLA495180471,MLA495180473,MLA495289913,MLA499602478,MLA500138936,MLA495303567,MLA500037709,MLA497408351,MLA500037708,MLA500037704,MLA502449259,MLA496031135,MLA495924907,MLA502135996,MLA501685893,MLA498667984,MLA500450934,MLA500037710,MLA496648143,MLA495924902,MLA496648144,MLA502285885,MLA495305684,MLA497004200,MLA501391783,MLA497409120,MLA500450561,MLA498836058,MLA500138615,MLA496648133,MLA495290613,MLA500137872,MLA496404596,MLA495306002,MLA500450557,MLA500143335,MLA500450558,MLA497786421,MLA496648115,MLA500134090,MLA500147546,MLA501690590,MLA495304492,MLA495306177,MLA500633024,MLA502789729,MLA495290349,MLA500212690
MLA70044,MLA501610652
MLA120653,MLA501251222,MLA501250709,MLA501251551,MLA501250072
MLA7660,MLA499819041,MLA496281286,MLA498254660
MLA40428,MLA501508063,MLA496231840
MLA109412,MLA499973890
MLA40427,MLA501944840,MLA495384272,MLA501874796,MLA499238135,MLA501913042
MLA127424,MLA498739959
MLA39966,MLA502306527,MLA497497641,MLA497199606,MLA496034728
MLA119710,MLA499761898
MLA120865,MLA501910217,MLA502652403,MLA501262101,MLA502016515
MLA48511,MLA496470548
MLA119702,MLA498874029
MLA119701,MLA501106223,MLA500714691
MLA1267,MLA495638553,MLA500052824,MLA499617301,MLA498471954,MLA497454442
MLA74031,MLA495492879,MLA495912062,MLA495729907
MLA120667,MLA502066974,MLA502067437,MLA502067182,MLA498856480,MLA502066579,MLA498226807,MLA502067380,MLA498226666,MLA495051863,MLA495497743
MLA74030,MLA496934031,MLA500732126
MLA63274,MLA497328453
MLA7868,MLA497129200
MLA101351,MLA502571532,MLA501499027,MLA494318031,MLA496065206,MLA502575648
MLA39964,MLA498884637,MLA498911770,MLA498886939
MLA91693,MLA497114212
MLA40011,MLA498839324,MLA500075590
MLA120660,MLA502066833,MLA501757449,MLA502066769
MLA91699,MLA498473724,MLA498067402,MLA500251306
MLA95415,MLA502191565,MLA502191090,MLA502191009,MLA496463976,MLA502191538
MLA70411,MLA497962442,MLA497055561,MLA502451444,MLA501303769
MLA74029,MLA496628571
MLA46003,MLA497118837,MLA502288661,MLA502419899,MLA502015593,MLA502284197,MLA496118591,MLA500111234,MLA496571393,MLA502284204,MLA496118602,MLA498820873,MLA495947652,MLA497902431,MLA494337756,MLA500532724,MLA500646343,MLA494334468,MLA502678267,MLA498226601,MLA494337542,MLA496034834,MLA500532720,MLA495893538,MLA498750006,MLA501490417,MLA497216580,MLA494336889,MLA498574958,MLA501409755,MLA497215254,MLA499129826,MLA495952044,MLA498226486,MLA499865675,MLA498026204,MLA502841680,MLA494337146,MLA493568682,MLA495922207,MLA500532732,MLA498574732
MLA8618,MLA502732361,MLA501344011,MLA497113327,MLA502179197,MLA497154608,MLA494953081
MLA40432,MLA495217939,MLA494988436,MLA494991241,MLA495988785
MLA74021,MLA496934838,MLA497185207,MLA498812496
MLA116634,MLA500316682
MLA40431,MLA502545016,MLA492376642,MLA500847510,MLA501842410,MLA496964379
MLA1284,MLA497638966
MLA86343,MLA495912573
MLA116631,MLA502451854
MLA39952,MLA496685275,MLA499894242
MLA39951,MLA498879644,MLA496934109
MLA74020,MLA502198609,MLA498566807,MLA502114385,MLA500702619,MLA498641779
MLA39950,MLA495495230,MLA495760613,MLA492789398,MLA500551242,MLA497608624,MLA492789414,MLA499309480,MLA495493332,MLA500732498,MLA495604562,MLA495988706
MLA30753,MLA499617289,MLA495946848,MLA497941157,MLA498837911,MLA497941165
MLA82353,MLA500964507
MLA10233,MLA499731401
MLA109039,MLA494045799
MLA30759,MLA494231272,MLA495908304
MLA30756,MLA500937211,MLA497934904,MLA501085521,MLA501775843,MLA501831174,MLA499365238,MLA502284208,MLA491064677,MLA495048134
MLA30755,MLA500992396,MLA501002915,MLA498027237,MLA497375654,MLA498528537,MLA498526444,MLA496738970,MLA498526431,MLA498526441,MLA501009653,MLA499365879,MLA502753700,MLA499365239,MLA498526428,MLA502753705,MLA501002934,MLA499365884,MLA499365885,MLA499365883,MLA499365874,MLA501797107,MLA500536080
MLA30757,MLA501257447,MLA498825008,MLA491302454,MLA497878308,MLA497438288,MLA501257452,MLA499624884,MLA496767909,MLA501257453,MLA497940503,MLA491709490,MLA500814044,MLA497194540
MLA86339,MLA498560113,MLA493708801,MLA496456662,MLA501552777
MLA86338,MLA502580984,MLA497366231,MLA496050479,MLA498457842,MLA498991959
MLA74019,MLA497630628
MLA120842,MLA501237581
MLA86331,MLA495135741,MLA488808955,MLA495493412,MLA499238163
MLA1912,MLA500707351
MLA30764,MLA501065675,MLA501747648,MLA498837915,MLA496121793,MLA494499224
MLA30763,MLA502576800,MLA496767067,MLA500964502
MLA121306,MLA500980510
MLA125452,MLA497513084
MLA121305,MLA499535026,MLA499515076,MLA500064988
MLA1910,MLA502452979,MLA495946863,MLA497863440,MLA496051929,MLA495363998,MLA495946837,MLA496914478,MLA497864045,MLA502452414,MLA501700569,MLA495364138,MLA499590780,MLA496942332,MLA502585755,MLA498587329,MLA502585754,MLA496907461,MLA496942330
MLA1915,MLA499617311,MLA498839328
MLA52046,MLA498473721,MLA502297106,MLA498837924,MLA500998479,MLA497812514,MLA498473717,MLA498473726,MLA498232722,MLA495268578
MLA1289,MLA502401173,MLA498201295,MLA497949652,MLA501577237,MLA499113198,MLA491360228,MLA496646564,MLA496814027,MLA498431222,MLA496034696,MLA499625930,MLA500852722,MLA496599428,MLA501947722,MLA502038897
MLA1914,MLA497947638,MLA500880996,MLA501677526,MLA496287056,MLA495107280,MLA495107262,MLA496127899,MLA496845201,MLA496127878,MLA498169514,MLA498169513,MLA498757960,MLA498757961,MLA502539839,MLA496867006,MLA498757946,MLA501674306,MLA495351725,MLA502540811,MLA502539497,MLA500881244,MLA495946876,MLA496128140,MLA500881241,MLA502540075,MLA502539967,MLA496132807,MLA496128074,MLA498757958,MLA498757957,MLA502540136,MLA501533028,MLA498757955,MLA496753617,MLA498757954,MLA499796723,MLA496286899,MLA498180280,MLA499024772,MLA502540823
MLA30768,MLA497216033,MLA502684715,MLA488688603,MLA496118586,MLA495066941,MLA491937194,MLA491807817,MLA495325439,MLA496742322,MLA495068149,MLA489069276,MLA489794715,MLA498512847,MLA488303450,MLA502690183
MLA109040,MLA502633093
MLA40455,MLA496739989,MLA497375659,MLA497375662,MLA497205796,MLA498526426,MLA500992410,MLA502433670
MLA40456,MLA496738976,MLA500992404,MLA496738991,MLA496738980,MLA496739997
MLA120618,MLA498856245,MLA495052763
MLA6569,MLA497941156
MLA90711,MLA500587341,MLA501732403
MLA90712,MLA496974622,MLA500730266,MLA500590325,MLA500529718,MLA500594167
MLA126151,MLA497044792
MLA121754,MLA502401692
MLA120891,MLA502613687,MLA502613841
MLA90709,MLA498542455,MLA498839319
MLA30778,MLA502284191
MLA90708,MLA500971661,MLA501339038,MLA496467866,MLA502841683,MLA495704905,MLA496371404,MLA496341068,MLA497318827
MLA50399,MLA498169515
MLA90706,MLA495699867,MLA502288670
MLA126148,MLA496202679,MLA496202605
MLA90703,MLA498563397,MLA501893244,MLA501815709,MLA495648899,MLA502576818,MLA502841679,MLA495349121,MLA500533175
MLA90327,MLA496122209
MLA30771,MLA499616933,MLA502687257,MLA489794136,MLA497910779
MLA1296,MLA498707248
MLA90321,MLA501660717,MLA496386546,MLA497457750,MLA496251141,MLA501113556,MLA497463125,MLA497576340,MLA496673778,MLA501112742
MLA24693,MLA498471958
MLA6575,MLA494965043,MLA498712087
MLA40465,MLA487926657
MLA90306,MLA496050604
MLA12258,MLA489869050,MLA498201299,MLA500163591,MLA497044799
MLA74273,MLA498737871,MLA497201146,MLA498743602,MLA498856185,MLA497201157
MLA74272,MLA502566149
MLA12256,MLA498201311,MLA501875472,MLA496034709
MLA90308,MLA495520306
MLA74270,MLA495224158,MLA499728862,MLA499115252,MLA498957009,MLA498548497,MLA495922278,MLA498240817,MLA500532721
MLA12257,MLA496434736,MLA499947574,MLA495794719
MLA126143,MLA502284202
MLA90720,MLA501915454,MLA501915613,MLA496767068,MLA501915217,MLA495349471
MLA90721,MLA501339787
MLA10933,MLA502293505
MLA116456,MLA495595021,MLA495594798
MLA70403,MLA501339340,MLA501527955,MLA495007795,MLA496932615
MLA70401,MLA496333816,MLA496338494,MLA499182261,MLA500965710,MLA501910458,MLA501516706,MLA499582021,MLA496169794,MLA498473709,MLA500370659,MLA499582026,MLA497888636,MLA501381443,MLA496512491,MLA501910389,MLA502296282,MLA496503328,MLA499199871,MLA498216262,MLA498534437,MLA502296288,MLA496492236,MLA500868236,MLA501812174,MLA499039763,MLA498870502
MLA70400,MLA500948118,MLA502553162,MLA496775527,MLA494997693,MLA500391801
MLA121745,MLA495511600,MLA502409642
MLA90717,MLA495069818
MLA30789,MLA498029223,MLA495116465,MLA500155229,MLA501787797,MLA500187631,MLA501385758,MLA496315061,MLA501385219,MLA498887999,MLA502753701,MLA496741172,MLA498327641
MLA126135,MLA499865672
MLA126136,MLA502527252
MLA46251,MLA498067385
MLA90314,MLA495366522,MLA494883488,MLA496468121,MLA499153504
MLA74276,MLA499598099,MLA498100751,MLA497758190,MLA499865669
MLA30783,MLA501467619
MLA12254,MLA498120663
MLA90313,MLA498858870,MLA498887951
MLA74274,MLA500525077,MLA495585414,MLA497344791,MLA496443894,MLA493227445,MLA496510714,MLA497342489,MLA501519771
MLA30781,MLA502019041
MLA74275,MLA499115198
MLA12252,MLA494995838,MLA500635360
MLA90315,MLA498838205
MLA30786,MLA495511707,MLA500508024,MLA502684714,MLA502419581,MLA493564876,MLA498526435,MLA501747143,MLA500717627,MLA495955709,MLA496036888,MLA497375663,MLA498880639,MLA498026460,MLA501002937,MLA500992422,MLA493565131,MLA499194903,MLA500694655,MLA500694658,MLA499365880
MLA90310,MLA499458366,MLA501115515
MLA30787,MLA489841902,MLA501944869,MLA500579678
MLA90311,MLA500824928,MLA501106727
MLA47508,MLA498534427,MLA495978169
MLA74262,MLA496202527
MLA10273,MLA502196052,MLA497090134
MLA120878,MLA500002343,MLA499625461,MLA496041400
MLA3931,MLA498029225
MLA120879,MLA498092202
MLA3938,MLA498060677,MLA502034832,MLA496354822,MLA501192380,MLA500609375,MLA500008143,MLA496122168,MLA496463841,MLA500008144
MLA127421,MLA502527606,MLA495222980,MLA501073943,MLA495317636
MLA12240,MLA501783880,MLA502639911,MLA500635353,MLA500201151,MLA498201302,MLA499275554
MLA39992,MLA500773880
MLA30791,MLA502551996
MLA74264,MLA501106732
MLA39990,MLA492638064
MLA40470,MLA501814873,MLA495782191,MLA495092071,MLA497512983,MLA495602333,MLA501669927,MLA501654219,MLA497105509,MLA495602131,MLA495092390,MLA500686510,MLA497243154,MLA499261651
MLA10005,MLA502585784,MLA496942334
MLA127409,MLA497287545,MLA498975978,MLA500687253
MLA24181,MLA496762994,MLA502613807,MLA501811215,MLA496759319,MLA496760228
MLA120886,MLA501274589
MLA10001,MLA498140784,MLA501635829,MLA496427206,MLA502242533,MLA501634054,MLA497689588,MLA496306555,MLA501192409,MLA495354798
MLA27575,MLA496476252
MLA39989,MLA495433198
MLA74666,MLA491937335
MLA3946,MLA502004205
MLA67590,MLA501284670
MLA14060,MLA497752627,MLA495000177,MLA499949296,MLA502198599
MLA3949,MLA498235925,MLA496235445,MLA497090130,MLA498067393
MLA57695,MLA502879213
MLA95435,MLA494910518,MLA496290304,MLA499545161,MLA500784515,MLA494910516
MLA38865,MLA495240841
MLA74254,MLA496203035,MLA498874622
MLA7185,MLA502069202,MLA501623241,MLA498471960,MLA501700548,MLA502585803,MLA502777109,MLA497941163,MLA495946869,MLA497941152,MLA497941172,MLA501660762
MLA3121,MLA499643391,MLA497048610,MLA502585771,MLA496290312
MLA12230,MLA497528796,MLA498958293
MLA40491,MLA496444616,MLA496402179
MLA29905,MLA496468258
MLA10093,MLA495099139,MLA495511717,MLA495156842,MLA496821850,MLA500665751,MLA494932449,MLA502040131,MLA502128771,MLA498343729,MLA497095149,MLA495071935,MLA495332497,MLA495071940,MLA496787285,MLA500687735,MLA500687722
MLA12222,MLA497523893,MLA488524334,MLA497841057
MLA29906,MLA496470192,MLA496595225,MLA501787794,MLA498837101,MLA496212958,MLA498837096,MLA500050614,MLA499555904,MLA497317498
MLA47746,MLA500635358,MLA489061986,MLA497841054,MLA500201150,MLA502639915
MLA10095,MLA496122192,MLA501342943,MLA500526872
MLA66271,MLA496739990
MLA66275,MLA500003851,MLA497949646,MLA495512049,MLA501124192,MLA499625809
MLA66274,MLA491361820,MLA493211830,MLA499062355,MLA494519060
MLA125276,MLA500008907
MLA65800,MLA498664094,MLA498664099,MLA494337607
MLA47740,MLA496739976,MLA496738975,MLA496739992,MLA496739966,MLA496740380
MLA9767,MLA498528534,MLA501002933
MLA9766,MLA500950260
MLA9953,MLA500805565,MLA493135268,MLA497562264,MLA492408246,MLA496090869,MLA492109907,MLA498220968,MLA495460051,MLA495204584,MLA496254492,MLA488903738
MLA44391,MLA500707512
MLA72204,MLA495604590,MLA495297647
MLA44392,MLA500686578,MLA501737930,MLA502294583,MLA500677557
MLA9760,MLA497758193,MLA499050524
MLA72203,MLA499238288
MLA44393,MLA500805569
MLA29913,MLA498837904
MLA29914,MLA496202787,MLA498029251,MLA498839329,MLA500020065,MLA498029255,MLA499399388
MLA86395,MLA501110621
MLA82308,MLA498207596
MLA125281,MLA497099706
MLA6331,MLA496243950,MLA496966918,MLA498984344,MLA498220892,MLA502555467,MLA500285690,MLA496041451,MLA489839624
MLA65817,MLA501118801,MLA498294472,MLA502837975,MLA502206855,MLA498322355,MLA502581557,MLA502591183,MLA500676064,MLA498324770,MLA500849951,MLA500676061,MLA498825885
MLA65816,MLA492154314
MLA6325,MLA496482395,MLA492408360,MLA498043093,MLA498044709,MLA496090786,MLA500300368,MLA498708695
MLA65818,MLA498958294,MLA496967885,MLA497650476,MLA502639925,MLA497482504
MLA125277,MLA498384471,MLA501788031,MLA502448995,MLA501788943,MLA502515932
MLA65813,MLA499907218,MLA499301245,MLA499301264
MLA2333,MLA495946857
MLA60307,MLA502881506,MLA498029234,MLA498790863
MLA47752,MLA498526453,MLA497375668,MLA500022187,MLA496739986
MLA65811,MLA491829864
MLA12218,MLA495912043
MLA81055,MLA501871323
MLA65810,MLA502639927
MLA6536,MLA499118306,MLA495908284,MLA500587318,MLA501732045
MLA12215,MLA496814033,MLA495677828,MLA499630282
MLA9962,MLA499627861
MLA66290,MLA499603064,MLA495711924,MLA498582347,MLA499743861,MLA500595726,MLA498922826,MLA499743866,MLA498697810,MLA495711894,MLA498200269,MLA498579219,MLA500169037,MLA495298557,MLA499301263,MLA498564475,MLA498531645,MLA498233905,MLA495577887,MLA499743871,MLA495577886,MLA495577880,MLA498579502,MLA498293287,MLA495069415,MLA499991185,MLA498483232,MLA502467978,MLA501733339,MLA495577877,MLA498483239,MLA498572048,MLA497104368,MLA499091242,MLA498572995,MLA501529636,MLA498523444,MLA498697283,MLA498901419,MLA498697583,MLA498572896,MLA500404273,MLA498292877,MLA501621247,MLA498573092,MLA498529742,MLA495577866,MLA498172775,MLA495577865,MLA498173132,MLA495577869,MLA501733343,MLA495577864,MLA498586081,MLA496150583,MLA500911915,MLA502360087,MLA501621276,MLA500911911,MLA502360083,MLA498586664,MLA498825085,MLA498582634,MLA498566442,MLA498572795,MLA498567268,MLA502868050,MLA495069401,MLA498172855,MLA501816434,MLA496448676,MLA501816437,MLA502708682,MLA502708683,MLA498901423,MLA498105161,MLA498187359,MLA498901422,MLA499959814,MLA499959817,MLA498586555,MLA498293971,MLA501960002,MLA498586160,MLA494967465,MLA497195369,MLA501959986,MLA502708675,MLA498566859,MLA499959810,MLA499959813,MLA502360078,MLA502360077,MLA498172528,MLA502360079,MLA498697732,MLA498316949,MLA501960010,MLA498342109,MLA500125134,MLA498572272,MLA497012227,MLA502624638,MLA498641768,MLA498293573,MLA500446920,MLA496120538
MLA48303,MLA496599448
MLA9944,MLA496431729
MLA124124,MLA496063573
MLA126124,MLA496894035,MLA498837925,MLA498712324,MLA501094760,MLA495355203
MLA90726,MLA495971101
MLA126128,MLA501086561
MLA66292,MLA501816442,MLA499907209,MLA496404602,MLA498703494,MLA496814807,MLA501690588,MLA498703410,MLA498703551,MLA500446899
MLA47332,MLA502488429
MLA126133,MLA498839326
MLA126134,MLA496503896
MLA9950,MLA496192618
MLA70490,MLA498234503
MLA59863,MLA501002931
MLA12208,MLA498222887,MLA501788008,MLA502836343,MLA497949653,MLA497949645,MLA496813758,MLA500565194
MLA44388,MLA495007937,MLA500822684,MLA495649532
MLA24683,MLA498837903
MLA79323,MLA501160275,MLA495912013,MLA493086692
MLA9938,MLA496574038
MLA24682,MLA501391788
MLA38829,MLA501181657
MLA29939,MLA499619705
MLA3569,MLA497878311,MLA500673866,MLA500673865,MLA492379123,MLA501667210,MLA500945835,MLA500945826,MLA500021728,MLA500814048,MLA501667213
MLA6719,MLA496492682,MLA494364543,MLA499935711,MLA496966839
MLA12006,MLA499470455
MLA12811,MLA495069817,MLA500814709
MLA47328,MLA502475656,MLA502481708
MLA67936,MLA495482926
MLA12812,MLA502293508,MLA501700546,MLA501343583,MLA500536081,MLA499760013,MLA501339778,MLA502841687
MLA6514,MLA496814028,MLA501337247
MLA32043,MLA498213704
MLA32042,MLA498841010
MLA32041,MLA501513791
MLA76149,MLA495299262
MLA30984,MLA502322858,MLA500792716
MLA30982,MLA499519068
MLA125231,MLA500091980,MLA501931642,MLA501507126,MLA496354281
MLA66230,MLA498698131,MLA498310984,MLA495069391,MLA497742664,MLA502039451,MLA498302449,MLA498311143,MLA499743870,MLA502378620,MLA501285066,MLA495577884,MLA497311831,MLA496448679,MLA498311225,MLA497120061,MLA495577872,MLA496448680,MLA498105170,MLA498311375,MLA498302597,MLA501816440,MLA496935877
MLA76145,MLA500855766,MLA498102637,MLA499322767
MLA126403,MLA498031212,MLA498755098,MLA498751499,MLA498753587,MLA498741188
MLA30986,MLA494223914,MLA497038913,MLA498516838,MLA494150833
MLA30987,MLA502017128,MLA499865668,MLA488817129,MLA495071602
MLA74002,MLA500732502
MLA47783,MLA500992395,MLA498729086,MLA498027238,MLA498526460,MLA496740622,MLA498723347,MLA501813234,MLA498725223,MLA500968187
MLA120813,MLA500713774,MLA501353038,MLA500195687,MLA498432197,MLA501827202
MLA47780,MLA498526459,MLA497820212,MLA496739998,MLA502581760,MLA498612126,MLA498612224,MLA501621267,MLA499365243,MLA499907201,MLA499365234
MLA47781,MLA501004331,MLA500707209,MLA496738973,MLA497936432,MLA496739983,MLA498207840,MLA501339779,MLA497937058,MLA499416668,MLA496738997,MLA500576816,MLA502753682,MLA498027244,MLA502753693,MLA500529720,MLA496738994,MLA497795521
MLA12848,MLA491757964
MLA9727,MLA496930172,MLA491174681
MLA76143,MLA497229704
MLA125222,MLA501765430
MLA88323,MLA499789711
MLA76140,MLA496360829
MLA70478,MLA498029247
MLA66239,MLA498879806
MLA66238,MLA502622028,MLA502378628,MLA501860340,MLA502531532,MLA501023841,MLA502581758,MLA500819153
MLA66237,MLA496120531,MLA497738728
MLA76137,MLA501415019,MLA498650325,MLA500180911,MLA496694375
MLA12065,MLA499315254,MLA498568156,MLA498837907,MLA494577155,MLA501757686,MLA498839332,MLA499775428,MLA495971882
MLA76139,MLA500198204
MLA10457,MLA500822687
MLA76135,MLA495590787,MLA501822223
MLA12064,MLA502452305
MLA12063,MLA498231834
MLA30975,MLA500792771
MLA9997,MLA501061538,MLA502772976,MLA489603328,MLA501374070
MLA30977,MLA501527279,MLA501523801,MLA501530429
MLA31044,MLA495977542,MLA495977573,MLA495977613,MLA499476980,MLA497296351
MLA5924,MLA500533176,MLA500677556,MLA496467377,MLA496048748,MLA500686571
MLA24622,MLA496106690
MLA47794,MLA494554235
MLA66464,MLA498958574,MLA500256716,MLA501710440,MLA501192095,MLA497209154,MLA499098017,MLA498247190,MLA498566955
MLA10067,MLA497938780,MLA495075382
MLA70485,MLA502333357,MLA502703118
MLA70480,MLA502317690
MLA47790,MLA502513027,MLA501798144,MLA496091439,MLA501797861,MLA502504885
MLA120820,MLA495637601,MLA497208893,MLA495520036,MLA500688352,MLA496533783,MLA501673537
MLA70482,MLA502720340
MLA31040,MLA496254638,MLA500292145,MLA496431721,MLA500295430,MLA502125671
MLA76130,MLA495427540
MLA125235,MLA495689973,MLA495905947,MLA498228147
MLA12069,MLA502050965,MLA502331784
MLA70487,MLA499582023,MLA497056121
MLA37172,MLA500823365,MLA500536085,MLA500587317,MLA497096455,MLA495069815
MLA66253,MLA496817375,MLA499036153,MLA496465455
MLA73324,MLA500587110,MLA499582024,MLA495010088,MLA502580252,MLA498534431,MLA501343202,MLA495336616
MLA41133,MLA498473715,MLA498473716,MLA498473729,MLA498206128,MLA497901636,MLA498473723
MLA120402,MLA495227913,MLA490858166
MLA40003,MLA500593002,MLA497383953,MLA500551152,MLA497299531,MLA497384354
MLA6749,MLA495201659
MLA6748,MLA500506869,MLA502047278
MLA66631,MLA500106160,MLA500105363
MLA31033,MLA498029228
MLA47769,MLA498837913,MLA498719847,MLA498528526,MLA498105162,MLA496505481,MLA498839335,MLA497738721,MLA495493182,MLA501023844,MLA498837921
MLA31036,MLA501371427
MLA10072,MLA501747249,MLA495076835,MLA495065977
MLA31035,MLA496813150,MLA501468056,MLA498526436,MLA494263925,MLA498528531,MLA497789738,MLA501280131,MLA498526457,MLA496505447,MLA498526437,MLA502678248,MLA500376819,MLA495777700,MLA497787634,MLA499261543,MLA499800502,MLA501097152,MLA501523476,MLA497498888,MLA501097303
MLA9986,MLA500777355,MLA501413963
MLA9996,MLA499518929,MLA500536083,MLA500035782,MLA502737323
MLA9994,MLA501949473,MLA499242276
MLA21932,MLA496827109,MLA501871359,MLA496827106,MLA501871399,MLA500161483,MLA495975593,MLA495823901,MLA495823925,MLA499734010,MLA495823891,MLA501871403,MLA497472010,MLA498678784,MLA498678786,MLA499734006,MLA497757904,MLA501871349,MLA496827110,MLA496827112,MLA498865190,MLA496827113,MLA501871365,MLA496254753,MLA500161494,MLA496254755,MLA501743896,MLA497472982,MLA501743895
MLA9992,MLA495716263,MLA498724367,MLA495473995,MLA502266131,MLA502265876,MLA495974052,MLA498723891,MLA501635642,MLA495473884,MLA498723666,MLA496659669,MLA496659709
MLA47760,MLA495514180,MLA499569399,MLA499569397,MLA500816313,MLA501577238,MLA498841004,MLA490651912,MLA496914500,MLA501492992,MLA499595102,MLA498322351,MLA502876826,MLA495258426,MLA498832284,MLA498100756
MLA70456,MLA498514104,MLA502333204
MLA70455,MLA502728097
MLA10483,MLA496942322
MLA70458,MLA502448996,MLA498472935,MLA499184200,MLA501520053
MLA21083,MLA500299331,MLA495103058
MLA60566,MLA498585772,MLA498240943,MLA498029249,MLA498526432
MLA21086,MLA497861971,MLA496926036,MLA497860283,MLA498725691,MLA496063222,MLA496063295,MLA502453048
MLA30990,MLA500984463
MLA66260,MLA498297425
MLA30992,MLA497296526,MLA502323054,MLA502323282,MLA502323546
MLA76118,MLA499076890
MLA73677,MLA501700549,MLA501700561,MLA497941167,MLA499045508,MLA496122390,MLA499617296,MLA499153509,MLA496122178,MLA495233838,MLA495946842,MLA500863782,MLA496231494,MLA499617300,MLA500863780,MLA495946849,MLA496122166,MLA497941151,MLA496122213,MLA501700568,MLA497941158,MLA499153506,MLA496122216
MLA10474,MLA498473725
MLA92502,MLA498067403,MLA496074505
MLA37169,MLA496216681,MLA496326004,MLA495092197,MLA502068351,MLA497605231,MLA492382908,MLA495782183
MLA73674,MLA498763852,MLA495233725,MLA500863779
MLA47777,MLA500595725,MLA499846147,MLA502531536,MLA500446918,MLA502460411,MLA494993306,MLA502201526
MLA73673,MLA499591508,MLA495233659
MLA73672,MLA500863788
MLA10084,MLA496122204
MLA9975,MLA499401921
MLA47779,MLA496741094,MLA496738987,MLA496738977
MLA92501,MLA502871726,MLA497630620,MLA499639290,MLA502458968,MLA502458981,MLA499949309
MLA4640,MLA500868113
MLA63882,MLA493564894
MLA67107,MLA496767940,MLA498580550,MLA502295266,MLA495604282,MLA496463738,MLA501389427
MLA66448,MLA499124197,MLA497023646,MLA495707621,MLA502242554,MLA501191891,MLA496713919
MLA47771,MLA500635357,MLA498958313
MLA86375,MLA496738979,MLA496739977
MLA70463,MLA496877699
MLA70465,MLA495234169,MLA495007906,MLA496932465,MLA495998078
MLA12851,MLA497468426,MLA502472073,MLA499082177,MLA500003402,MLA498858206
MLA12049,MLA495912419,MLA502450794,MLA495912290,MLA495912240,MLA502452377
MLA21927,MLA495216708,MLA499028145,MLA496254745,MLA497757905,MLA502182023
MLA66267,MLA498957689
MLA21929,MLA500161502
MLA11804,MLA502448999
MLA8707,MLA500948016,MLA496109333,MLA496892634
MLA125418,MLA497101923,MLA497291420
MLA57495,MLA500686028,MLA498837900
MLA57497,MLA493566513,MLA493531563
MLA72561,MLA501815705
MLA36480,MLA495238864,MLA500706135
MLA57494,MLA495226779,MLA499364569,MLA501091689
MLA125410,MLA502527308,MLA496216371
MLA88493,MLA498434862
MLA120357,MLA498839317
MLA10553,MLA498233701,MLA502297358,MLA498839314
MLA4253,MLA501385497
MLA88297,MLA499788654
MLA30951,MLA502323727
MLA30950,MLA496122180,MLA499617284,MLA496942305
MLA10559,MLA500437811
MLA73536,MLA495228251
MLA72956,MLA498839325,MLA496467379,MLA495648898
MLA30958,MLA502323220,MLA502323178
MLA65864,MLA491360222
MLA125409,MLA499886609
MLA30216,MLA498540470
MLA66597,MLA496801180
MLA125407,MLA500332585,MLA497375383,MLA497240108,MLA497956090
MLA65865,MLA489595824,MLA489673641
MLA8710,MLA501339141
MLA45989,MLA500200994
MLA8717,MLA500395846
MLA36475,MLA500686574,MLA496511904
MLA86730,MLA500824887
MLA86731,MLA500987599,MLA499716674,MLA495123275
MLA10569,MLA500529724
MLA86732,MLA495000617,MLA502552674
MLA30965,MLA492668103,MLA502284201,MLA502686274,MLA497215250,MLA495953097,MLA501894803,MLA499730101,MLA495076315
MLA8918,MLA497227717,MLA497222533
MLA12070,MLA500197744
MLA30967,MLA500438056
MLA30966,MLA501467800
MLA73524,MLA498232343
MLA30968,MLA495777761
MLA72584,MLA502362141
MLA95009,MLA497085737,MLA497635545,MLA498433417
MLA54813,MLA498208584
MLA72581,MLA498589381,MLA501663921,MLA498858439,MLA497926311,MLA496571329,MLA502569213
MLA126442,MLA495091928
MLA92638,MLA500539217
MLA30042,MLA498068165,MLA498723348
MLA18404,MLA496646578
MLA125437,MLA499514729,MLA498240680,MLA500686575
MLA66321,MLA496739975
MLA95005,MLA495400370,MLA498598050
MLA12791,MLA502458969,MLA497791775
MLA30048,MLA501373742
MLA37750,MLA498483233,MLA500754267,MLA501378927
MLA30046,MLA500539193
MLA87201,MLA492443983
MLA30043,MLA500822383,MLA500822390,MLA497334128,MLA500822389
MLA86729,MLA498536505,MLA498383888,MLA496735249,MLA499238193,MLA499238209
MLA86079,MLA501467928
MLA86726,MLA497011140
MLA126439,MLA495092651
MLA86724,MLA498879504,MLA488879339
MLA126438,MLA500697890
MLA3659,MLA497333996
MLA125428,MLA500154054
MLA95011,MLA495221903
MLA37749,MLA489834443,MLA501007043,MLA501499029
MLA125424,MLA499506082
MLA125423,MLA498030705
MLA87860,MLA500881246,MLA500881247,MLA500997874,MLA498757959,MLA496287034,MLA496128141,MLA498757952,MLA496132864,MLA496127856,MLA502539618,MLA498169511,MLA502713254
MLA95841,MLA489215247,MLA495091854
MLA72577,MLA501915460
MLA87215,MLA492545796
MLA30039,MLA501272302
MLA44407,MLA502288669,MLA502015249
MLA73540,MLA496595233
MLA5632,MLA502014647
MLA81484,MLA502560539
MLA24128,MLA499284056
MLA42595,MLA496222576,MLA499075856
MLA66302,MLA500502469,MLA498958305,MLA495567369,MLA500713762,MLA501783892,MLA497650481,MLA501233988
MLA65838,MLA500055890
MLA37916,MLA497103372,MLA496740385,MLA501023836,MLA496122235,MLA501285065
MLA65839,MLA498603893
MLA8292,MLA498221065,MLA494478530
MLA119691,MLA499519032
MLA9158,MLA497689130,MLA495372162
MLA81238,MLA500529716
MLA72710,MLA501734394,MLA500822689
MLA18212,MLA501790807
MLA24131,MLA496374457,MLA502837680,MLA502837669
MLA72711,MLA496113202,MLA500805302,MLA499261874
MLA65831,MLA497650473
MLA126463,MLA499401424,MLA499405634,MLA500776075
MLA37913,MLA497638961,MLA498879802,MLA498483238,MLA502581746
MLA37912,MLA502753715,MLA498851331,MLA498825884
MLA5156,MLA497333413,MLA498036750,MLA500547032,MLA498063821,MLA500828186,MLA495086856,MLA498994931,MLA501341328,MLA500830365,MLA500830368,MLA498713109,MLA500828757,MLA500828754,MLA495918540,MLA501363184
MLA47815,MLA495052949,MLA501758157,MLA501757963,MLA499365235,MLA498879822,MLA495107484,MLA498705551,MLA501758062
MLA42583,MLA500245195
MLA44411,MLA498029244
MLA6007,MLA501860361
MLA47811,MLA498526434,MLA499535306,MLA501002905,MLA496739985,MLA498220671
MLA5151,MLA502293360,MLA502287484,MLA502293451,MLA498041340,MLA498050266
MLA44413,MLA501343584
MLA4291,MLA501736147
MLA11239,MLA498858872,MLA495913330,MLA498567430,MLA496451087
MLA11237,MLA495912713,MLA499947575,MLA499617288,MLA495567368,MLA499617268,MLA496122211,MLA491273121,MLA499538602
MLA47817,MLA498332313,MLA498332316
MLA11238,MLA495911876,MLA501220688,MLA502759556,MLA497608557,MLA496935310
MLA47816,MLA500201162,MLA500694181,MLA494953530,MLA489869042,MLA497550855,MLA500728119,MLA501233986,MLA500083838,MLA499538591,MLA498666287
MLA48184,MLA498717389,MLA498183568,MLA498717391,MLA498717390,MLA498717384,MLA501733344,MLA498717385,MLA501671317
MLA37908,MLA496423956,MLA496740379,MLA501014224,MLA498825897,MLA501014225,MLA501014226
MLA34200,MLA502585750,MLA495731615
MLA8962,MLA499768122
MLA65824,MLA498100746
MLA65825,MLA498027242,MLA496738984,MLA496738972,MLA502070957,MLA498528532
MLA65826,MLA495794722,MLA495567367
MLA48185,MLA498708188,MLA501733342
MLA90693,MLA499920969,MLA496390838,MLA499003008,MLA498836882,MLA495699855,MLA500587323,MLA502577736,MLA498473728,MLA498837922
MLA72717,MLA495185957,MLA495709852
MLA105385,MLA500504751,MLA502559361,MLA498864955,MLA502452883,MLA498864799,MLA499591733
MLA42578,MLA500930364,MLA495781358,MLA495224574,MLA495744294,MLA495354770,MLA500418236
MLA32238,MLA498837901,MLA499126886,MLA500849242
MLA90698,MLA500587320
MLA32237,MLA499151168,MLA498839327
MLA112497,MLA494491182
MLA90696,MLA495699869
MLA90695,MLA500686573
MLA47808,MLA497105843,MLA502753708
MLA90694,MLA495349869
MLA48892,MLA492667448,MLA501065276,MLA498593789,MLA500008458,MLA500712516,MLA499617835,MLA500712880,MLA489801109
MLA95044,MLA500823456
MLA45977,MLA498443374
MLA48895,MLA496122196
MLA95048,MLA497860877
MLA65851,MLA500857589,MLA497758189,MLA495953749
MLA22288,MLA496765228,MLA499416216,MLA497366092
MLA3428,MLA496585538,MLA496585553
MLA73513,MLA497812507,MLA498473719
MLA73515,MLA501471614
MLA48899,MLA495918543,MLA495918539,MLA497333415
MLA48897,MLA502549305
MLA73510,MLA498234987,MLA499568672,MLA498837916,MLA496451242,MLA501787719
MLA8920,MLA496034705
MLA37512,MLA495169842,MLA495169852,MLA497546453
MLA37513,MLA495103000,MLA497562650
MLA120347,MLA493282807
MLA81240,MLA500529715
MLA44127,MLA500106726,MLA496047811,MLA499129052,MLA500106713,MLA500106897,MLA500375969,MLA496437760,MLA500107043,MLA500106820,MLA499128945,MLA500375880,MLA500106699,MLA498500646,MLA499129245,MLA499129170,MLA500106926,MLA500107082,MLA501132186,MLA500106969
MLA65846,MLA499569401,MLA501787355,MLA498577168
MLA65849,MLA494948699,MLA496914616
MLA72534,MLA498874484,MLA500099943
MLA15112,MLA500529714
MLA5159,MLA502279153,MLA495951621,MLA495335763,MLA496766429,MLA496703960,MLA500673867,MLA495951625,MLA496473914,MLA501667190,MLA496766424,MLA499624878,MLA495951624,MLA502284470,MLA501962281,MLA500945830,MLA498473356,MLA500673861
MLA45969,MLA502607702,MLA498207259,MLA500877430,MLA497558261,MLA495433210,MLA495760663,MLA501683731,MLA499995151,MLA496050669,MLA500732495,MLA497366066,MLA498207484,MLA500774515,MLA501683691,MLA497244475,MLA502660581
MLA65844,MLA497047639,MLA498526455,MLA502581754
MLA73508,MLA499439586,MLA502709226,MLA498295560,MLA496751657
MLA2860,MLA496122200,MLA495946898,MLA496122195
MLA73507,MLA502606648,MLA495341957,MLA502604616,MLA495238887
MLA111940,MLA495329979
MLA40696,MLA498473730,MLA497879088
MLA87257,MLA490051541
MLA96592,MLA496324418
MLA122154,MLA502015508,MLA496516957,MLA496097221,MLA494876020
MLA91713,MLA500587322,MLA500964485,MLA500686572
MLA31350,MLA502601587,MLA498029257
MLA91712,MLA495908275,MLA502015761,MLA501815706
MLA9312,MLA498526454
MLA91710,MLA497853900,MLA501821532,MLA497123608
MLA9314,MLA502600873,MLA501019910
MLA22261,MLA500003575
MLA1325,MLA497482507,MLA495835640,MLA501492995,MLA495400376,MLA502520829
MLA22265,MLA495612001
MLA1716,MLA498865205,MLA499234680,MLA498868111,MLA496123249
MLA83410,MLA500594170
MLA1717,MLA500574240
MLA9307,MLA502287824,MLA502289426,MLA498057035,MLA502293197,MLA497916737,MLA495326760,MLA502289874,MLA502290075,MLA495619648,MLA502289184,MLA502291307,MLA502875595,MLA500850054,MLA502287646,MLA502285691,MLA495929554,MLA502875034,MLA498047019,MLA500855489,MLA498041967,MLA496203200,MLA500847527,MLA500837814,MLA502871195,MLA502290465,MLA500854513,MLA495619733,MLA502290704,MLA502286948
MLA91703,MLA501815708
MLA48873,MLA498837919
MLA91709,MLA500104238,MLA502199882,MLA500491868
MLA31356,MLA498185919,MLA497437643
MLA37526,MLA496144646,MLA496493166
MLA37525,MLA498059874,MLA502637050
MLA84544,MLA499144805,MLA497108356
MLA37523,MLA501743908,MLA496254743
MLA48889,MLA498853532,MLA501361459,MLA501764581,MLA498037196,MLA495086862,MLA501764028,MLA500019194,MLA497332161
MLA48887,MLA501023843
MLA1313,MLA492777617
MLA23380,MLA501743438,MLA496753744,MLA501743654,MLA502600794,MLA501743220,MLA501758625,MLA500517987,MLA501748826,MLA501745144,MLA501752371,MLA501744176,MLA502139391,MLA500046226,MLA501750083,MLA501748555,MLA501759012,MLA502139606,MLA496754578,MLA501745508,MLA501755640,MLA501742492
MLA1311,MLA499458363,MLA500785850,MLA498958300,MLA498958286,MLA502639924,MLA502639918,MLA497030833
MLA1312,MLA495497413,MLA500852554
MLA84545,MLA495395905,MLA491757975,MLA492574030
MLA78322,MLA501769796
MLA95463,MLA496451077,MLA496451256
MLA84548,MLA499623056,MLA498839323
MLA78321,MLA498036930
MLA90269,MLA499962627,MLA498477092,MLA501799237
MLA1594,MLA496707455,MLA500828743
MLA36815,MLA499890661,MLA502871732,MLA502434377,MLA496244053,MLA495237261
MLA48884,MLA498029219
MLA31342,MLA500186875
MLA24375,MLA499586833,MLA498837897
MLA31373,MLA498512298,MLA497296254,MLA497296104,MLA495977503,MLA500792421
MLA9336,MLA502866254
MLA91732,MLA498029252,MLA498849851
MLA84554,MLA502068088
MLA95082,MLA498846898
MLA119287,MLA496122185,MLA497941155,MLA496122181
MLA84553,MLA498837912,MLA498236326
MLA23376,MLA500582074,MLA502614206,MLA496759838,MLA497311281,MLA501567818,MLA501813126
MLA117111,MLA501469078
MLA1590,MLA498863865,MLA495491963
MLA74603,MLA496648142,MLA500037705,MLA502425901,MLA497408108
MLA1585,MLA495716562,MLA502865347,MLA502726244,MLA502704772,MLA500998224,MLA502447532,MLA496659686,MLA498724192
MLA33433,MLA500590330
MLA1584,MLA502443230,MLA499664989,MLA496902070,MLA500171441,MLA496659643,MLA496659567,MLA502266276,MLA502011724,MLA495473706,MLA498723111
MLA23379,MLA501815697,MLA502754989
MLA23378,MLA502373417,MLA502617756,MLA500079889,MLA501808788,MLA500702985,MLA500079712
MLA95088,MLA502724023,MLA502693293,MLA501402314,MLA500651578,MLA502855764,MLA501917935,MLA501898931
MLA122140,MLA498432168,MLA498432113
MLA91729,MLA498964480,MLA500154088
MLA34294,MLA497941160,MLA496942304
MLA31376,MLA502322932
MLA83439,MLA501928717
MLA14452,MLA499045472
MLA122142,MLA499197356
MLA48869,MLA496193159,MLA498753281,MLA499621351,MLA502419582,MLA502284203,MLA497936135,MLA495949256,MLA497166553,MLA501739796,MLA489355827,MLA489794460,MLA491722468,MLA489794348,MLA498516835
MLA95095,MLA502585751,MLA496122198
MLA22232,MLA501734588,MLA496064297,MLA501733713,MLA496762065,MLA501597918,MLA502557870,MLA500581067,MLA501739333,MLA501738960,MLA501738010,MLA500719997
MLA22231,MLA500705603,MLA502755622
MLA18205,MLA497811305
MLA22233,MLA495378969,MLA501799112,MLA502520592
MLA91718,MLA496203094,MLA495255704,MLA498029230,MLA498792972,MLA499302904
MLA44876,MLA499195986,MLA498792223,MLA500529719
MLA31369,MLA494210992,MLA496703961
MLA9318,MLA501019553,MLA501391785,MLA500446928,MLA501019544
MLA109090,MLA500856950
MLA31366,MLA496851053,MLA496632071,MLA496851055,MLA496851054,MLA497373191,MLA500726412,MLA496851056,MLA494948679,MLA496851058,MLA496593140,MLA498445643,MLA495712230,MLA499986857,MLA496851051,MLA496851050,MLA502779092,MLA498799747,MLA498915389,MLA497926284,MLA494951715,MLA496592358,MLA501025142,MLA498759176,MLA497927550,MLA501435579,MLA497375545,MLA500298775,MLA501435398,MLA499954483,MLA495929480,MLA500825581,MLA498627170,MLA497927512,MLA498915392,MLA498915402,MLA498136894
MLA125841,MLA500831713
MLA1366,MLA502868197
MLA14443,MLA490313178,MLA488247490
MLA125846,MLA498604179
MLA11032,MLA500626304,MLA498007792
MLA11033,MLA498471511,MLA500147891,MLA500450562,MLA502379683
MLA11036,MLA498713433,MLA498723340
MLA92212,MLA498343467
MLA4206,MLA496774071,MLA495949178,MLA498975645,MLA493413751,MLA502418233,MLA498092061,MLA502333789,MLA499763175,MLA500835201,MLA496557939,MLA491633492,MLA502705139,MLA495223737,MLA496235158,MLA500300420,MLA502090440,MLA488459666,MLA498825087,MLA502718667
MLA92213,MLA498107362,MLA502161975,MLA495332518
MLA34277,MLA499940332,MLA499929760,MLA499938370,MLA497048619,MLA501831582,MLA495256045,MLA499929239,MLA497048611,MLA499933555,MLA499937427,MLA499252846,MLA502691389,MLA501700545,MLA502691388,MLA498846886,MLA502691387,MLA502691386,MLA495595102,MLA499937127,MLA499936166,MLA495781237,MLA499937933,MLA499945310,MLA499936672,MLA499939026,MLA495257182,MLA502018691,MLA496290303,MLA495257864,MLA495781484,MLA502585766
MLA34271,MLA499308404
MLA1371,MLA495946902,MLA497454436,MLA500863775,MLA499061990,MLA500863774,MLA496122191
MLA74612,MLA493235533,MLA496767276,MLA498306731,MLA495082768,MLA492522493
MLA81421,MLA500710742
MLA120798,MLA500638969
MLA74616,MLA495301082,MLA498471519,MLA500450583,MLA495300799,MLA500450546,MLA495302428,MLA495158174,MLA495301114,MLA495300552,MLA495300517,MLA500450563,MLA495300254,MLA501049523,MLA495179549,MLA495301222,MLA496648128,MLA502557477,MLA495300615,MLA502684415,MLA499602469,MLA497536692,MLA498471514,MLA495302269,MLA495300355
MLA14430,MLA489379563,MLA498708796,MLA499164187
MLA7494,MLA502579977,MLA496479665
MLA118845,MLA496092260
MLA96561,MLA495825905
MLA34282,MLA495103241,MLA498037482,MLA498037651
MLA1360,MLA495321424,MLA500713763,MLA488074352,MLA490020623,MLA497650479,MLA491105384,MLA497393491,MLA489940694,MLA495946862,MLA489221271,MLA498332309,MLA497454441,MLA497393497,MLA491362074,MLA495400369,MLA487984820,MLA502402137,MLA495881964
MLA1361,MLA497841051
MLA69563,MLA500945837,MLA501257448,MLA496703967,MLA497878307,MLA499743445,MLA497878309,MLA498849726,MLA497307993,MLA500814057,MLA497878310,MLA495851855,MLA496196000,MLA500814050,MLA502872472,MLA502872474,MLA501667188,MLA500814045,MLA502872468,MLA500814052,MLA500814051
MLA1341,MLA498021271
MLA69564,MLA501667215,MLA501257450
MLA8229,MLA502871731
MLA69561,MLA500945831,MLA500945832,MLA500945833,MLA500945834,MLA501962286,MLA501257441
MLA1165,MLA501298428,MLA495946864,MLA501141116,MLA498567039,MLA499617283,MLA501106214,MLA501141151,MLA495722992,MLA496122188,MLA495723460,MLA502585762,MLA496291186,MLA502585770,MLA496393975,MLA497363431,MLA495761295,MLA498471953
MLA5361,MLA501923333,MLA499686903,MLA502199878
MLA5363,MLA498898869,MLA491583294
MLA11823,MLA501237630
MLA31335,MLA499476789,MLA502323646,MLA497296227,MLA500792464,MLA500792598
MLA4757,MLA498303985,MLA498839336,MLA500789702
MLA22205,MLA500595751,MLA502868026,MLA499603062
MLA22206,MLA500992408
MLA11825,MLA502302525,MLA501237585,MLA495905709,MLA501237819
MLA90239,MLA499613132
MLA69567,MLA496122202,MLA495946883,MLA496122203
MLA57507,MLA502336955
MLA1944,MLA499365251
MLA1336,MLA494992020,MLA496434734,MLA502038894,MLA500318275,MLA496877702
MLA1948,MLA499365860,MLA499365867
MLA1334,MLA495687731,MLA500318314,MLA496646572,MLA499947576,MLA501233987,MLA502836345
MLA11045,MLA501607794
MLA57504,MLA501343213,MLA497888791,MLA499582032,MLA497812508,MLA496345685
MLA57505,MLA496767896,MLA502607344,MLA502296281,MLA501910199,MLA495969862,MLA496939169,MLA500971962,MLA500533466,MLA502571552,MLA499582028,MLA495485649,MLA496911818,MLA495921126,MLA498534430,MLA501399442,MLA500825748
MLA57506,MLA497889287,MLA500680521,MLA501337167
MLA92208,MLA500163583,MLA500687478,MLA498685301,MLA497863196,MLA500687765,MLA496066455,MLA498326262,MLA495853971,MLA502568708,MLA500199057,MLA498627496,MLA496294765,MLA501002791,MLA502037041,MLA498699027,MLA497870436,MLA500464110,MLA500303424,MLA501751742,MLA498687848,MLA498682951,MLA498901449,MLA499028759,MLA498900184,MLA499029775,MLA500687469,MLA498700637,MLA495071764,MLA495332373,MLA498832046,MLA499399857,MLA496787247,MLA498686755,MLA501466183,MLA497466829,MLA500687425
MLA64316,MLA501536672
MLA4238,MLA502153428
MLA1162,MLA494915243,MLA497353237,MLA498839321,MLA502267687,MLA502047381
MLA1163,MLA498627513,MLA498312664,MLA496965008
MLA92204,MLA497240105
MLA31322,MLA500121265
MLA92202,MLA498473727,MLA497879934,MLA497812509,MLA498473722
MLA4747,MLA500677552
MLA90249,MLA498231038
MLA121023,MLA495232568,MLA497120722,MLA496396097
MLA121021,MLA500900156,MLA500611006,MLA500610922,MLA495524658,MLA495052346,MLA492951406,MLA501757290,MLA500870993,MLA501378833,MLA498856886,MLA497299843
MLA101452,MLA493635150
MLA121026,MLA499405314
MLA73011,MLA499297016,MLA497055739,MLA497886167,MLA498534428,MLA495604376,MLA498216224,MLA501910231
MLA101453,MLA502714669
MLA73948,MLA501527974,MLA498924455,MLA496905815
MLA79240,MLA501002936,MLA498526445,MLA499365260,MLA496739980
MLA16547,MLA502449249,MLA502083894,MLA495258427,MLA496075003,MLA501762609
MLA73947,MLA501405811,MLA492803300
MLA79241,MLA498526438
MLA73945,MLA494988415,MLA498537257,MLA500732493,MLA493086753,MLA496933908,MLA501752033,MLA494988362,MLA500732230,MLA496034767,MLA499964661
MLA73943,MLA497608501,MLA496243089
MLA101459,MLA500566752
MLA73942,MLA502254480,MLA496878531
MLA73941,MLA501757861,MLA496735321
MLA74532,MLA496487075
MLA60635,MLA496342613,MLA502198595,MLA499949304,MLA502871739
MLA94972,MLA501700553
MLA79247,MLA498240546
MLA114796,MLA502402141,MLA500201160,MLA499458361
MLA57521,MLA494744941
MLA91787,MLA496894317
MLA16543,MLA500032347,MLA496789047,MLA498313712,MLA497039336,MLA496974937,MLA502112587,MLA497360388,MLA495922357
MLA7570,MLA492053226,MLA499537219,MLA498796726,MLA497369414
MLA74539,MLA501373745,MLA502586313
MLA125581,MLA499635671
MLA57529,MLA500958557
MLA94978,MLA500269951,MLA495687729,MLA502639920
MLA74536,MLA499174875
MLA74535,MLA501765225,MLA498723345,MLA495200535
MLA125580,MLA499634716,MLA490793346,MLA502344606,MLA499781526,MLA499278398,MLA494993303,MLA499056076,MLA499963021
MLA3247,MLA497375661,MLA498526450
MLA74537,MLA500828758,MLA498067703,MLA498029236,MLA497329483,MLA502741158,MLA498723343
MLA73951,MLA494948452,MLA498469687,MLA496735196,MLA501913070,MLA495383853,MLA497608455,MLA495123581,MLA501426540,MLA495912618,MLA496932873,MLA497240211,MLA497366096
MLA29309,MLA496290307,MLA496290309,MLA498601051,MLA502018685,MLA498717225,MLA497770661,MLA495781407,MLA501402996,MLA502018705,MLA497941719,MLA499545166,MLA495193706,MLA498060675,MLA500245197,MLA500628838,MLA495595100,MLA495351449,MLA501831576,MLA495053118,MLA496562349,MLA500245199,MLA496290306,MLA499252852,MLA502645452,MLA502018690
MLA73950,MLA496966099
MLA121034,MLA495384422,MLA500525096,MLA496118211,MLA498795495,MLA500525078,MLA497952478,MLA499005452,MLA497969608,MLA497348948,MLA501375897,MLA498825898,MLA496229065
MLA125569,MLA500096514
MLA121036,MLA497250763,MLA497244947,MLA497119132,MLA496863867,MLA500069236,MLA502530486,MLA500097778
MLA126036,MLA498747970,MLA498896808,MLA501094037,MLA501093940
MLA121039,MLA498825896,MLA500823042
MLA73956,MLA499949319,MLA496786594,MLA498584388,MLA496916644,MLA497243855,MLA501244384,MLA496811038,MLA487938730,MLA500732500,MLA500274170,MLA496935258
MLA73959,MLA496303583,MLA496964192,MLA501525873
MLA73953,MLA497199520,MLA497261729,MLA498613517
MLA73952,MLA497085636,MLA498530032,MLA495384194,MLA496061216,MLA494945540
MLA27814,MLA496283802,MLA495865613,MLA495493698,MLA501683895,MLA498567201,MLA496970688,MLA495494056,MLA500732499,MLA496993356,MLA500732330,MLA496050891,MLA499182473,MLA495082582,MLA496253909,MLA501364324,MLA502596000,MLA501683794,MLA495394804,MLA502608454,MLA501685290
MLA74545,MLA502582547,MLA500829105
MLA58629,MLA495905805
MLA94982,MLA490822858,MLA490822865,MLA495557195
MLA74542,MLA495200537,MLA500833041,MLA502586306,MLA500833045,MLA501373746,MLA500833954
MLA37082,MLA496090953
MLA115503,MLA496740384
MLA91795,MLA496763689,MLA495966032,MLA494927214,MLA498029240,MLA498964482
MLA37080,MLA501000475
MLA94776,MLA495965939
MLA13459,MLA495469645,MLA495690213
MLA91790,MLA498029253,MLA496203187,MLA496884285,MLA500706630,MLA498029239
MLA66723,MLA500741172,MLA496807131
MLA3235,MLA496478028,MLA501363283,MLA497216588,MLA498863984,MLA500828759,MLA501766917,MLA501527948,MLA498718932,MLA495212827,MLA500834437,MLA501766310,MLA497329478,MLA500833265,MLA501527920,MLA500833152,MLA498067627,MLA498683888,MLA498713107,MLA497334129,MLA501765228,MLA498727601,MLA501363183
MLA37088,MLA498887871
MLA58628,MLA499582029,MLA495690079
MLA74546,MLA500830367,MLA497153535,MLA495200534,MLA501769702,MLA498713103,MLA500833047,MLA502806250,MLA502586305,MLA500533020
MLA58627,MLA501512699,MLA497812511,MLA493978104,MLA501910711
MLA58630,MLA495642558
MLA82490,MLA502735117
MLA49536,MLA500446894
MLA73035,MLA497889288,MLA499187791,MLA496965941,MLA497889284
MLA49535,MLA495722087,MLA498060674,MLA500823136
MLA79223,MLA498528540,MLA498528533
MLA4789,MLA500863783
MLA73926,MLA498870583,MLA498769463,MLA498892747,MLA498202366,MLA498879382
MLA43667,MLA499646129
MLA73923,MLA496936032
MLA126026,MLA493824351
MLA79229,MLA498664090,MLA498664098,MLA498664088
MLA126032,MLA490789962
MLA79227,MLA492070776,MLA498526448,MLA496739984
MLA94994,MLA498207548,MLA498458182
MLA79226,MLA500684579
MLA94997,MLA495082218
MLA49531,MLA497059415,MLA496499208,MLA499603063,MLA496502643,MLA496500844
MLA49532,MLA495389083,MLA502072776
MLA120776,MLA499091237,MLA499365254
MLA73022,MLA498705459
MLA26977,MLA497048622,MLA497941723,MLA498601050,MLA497048618,MLA498612537,MLA501899040
MLA79231,MLA502068159,MLA499191812,MLA499365240
MLA79232,MLA498664102,MLA496739978
MLA57553,MLA496192733
MLA73935,MLA501250197,MLA501437837
MLA67459,MLA496174841
MLA40547,MLA498118696
MLA73934,MLA499701955,MLA500732497,MLA494993312,MLA494993313
MLA82931,MLA502333457,MLA496820162,MLA495886785
MLA7040,MLA500387966,MLA498079153,MLA500387959
MLA79230,MLA497313535,MLA496858371,MLA495499261,MLA495502871,MLA499907199,MLA501218641,MLA498483227,MLA499365257,MLA500819151
MLA43476,MLA497313771
MLA79239,MLA496738969
MLA79236,MLA496739981,MLA496739982,MLA499365256
MLA121828,MLA500285698
MLA82927,MLA501460357,MLA498395727,MLA501767524
MLA82926,MLA497926494,MLA497350498,MLA498395626
MLA125591,MLA499267388
MLA36881,MLA493558533,MLA491757961,MLA500074185
MLA109390,MLA496746323
MLA3003,MLA502337196,MLA490781783,MLA502336102,MLA490781787
MLA36859,MLA502751866
MLA7037,MLA498029224,MLA498029232,MLA498029245
MLA7032,MLA502438614
MLA32198,MLA499567107,MLA494306589,MLA488903985,MLA498708903,MLA489140862,MLA498751078,MLA493940275,MLA497227091,MLA499890660,MLA498220769,MLA489140870,MLA499889828,MLA492408076,MLA499466435,MLA488459624,MLA494853966,MLA490299756,MLA493413790
MLA58651,MLA493196314
MLA58650,MLA502448998,MLA495013188
MLA120710,MLA501124056
MLA10110,MLA501903190
MLA119038,MLA500075057
MLA119039,MLA500705599
MLA117185,MLA502597101,MLA500885978
MLA121472,MLA499285564,MLA502164534
MLA73914,MLA501587852,MLA502057294,MLA499845054,MLA498236234,MLA502054081,MLA498457962
MLA57575,MLA493135276
MLA49547,MLA502198612,MLA497630622,MLA497752619,MLA498202743
MLA97767,MLA497090131,MLA498477089,MLA494758056
MLA36863,MLA498211019,MLA501540721,MLA496761314
MLA36866,MLA491438222
MLA49541,MLA500732186,MLA499577899
MLA94946,MLA499364574
MLA95555,MLA495351792
MLA3000,MLA499299146,MLA501787802,MLA501787717
MLA44292,MLA496120550,MLA496242375,MLA498233894,MLA502378633
MLA14147,MLA487992732,MLA495000619
MLA95554,MLA500099609
MLA44291,MLA495567361,MLA489732633,MLA499946961
MLA94942,MLA496443955
MLA74587,MLA499477105
MLA101209,MLA499617280,MLA497941162
MLA73713,MLA497776245
MLA73712,MLA501705998,MLA496463340
MLA36838,MLA496930842
MLA74796,MLA502265919
MLA74590,MLA499184101
MLA126272,MLA501086602
MLA57581,MLA498539694,MLA498839320
MLA62664,MLA495424973
MLA121047,MLA500742768,MLA495427112,MLA495430914,MLA496842173,MLA497347757,MLA496131547,MLA501397960,MLA500973627,MLA497925813,MLA500721862,MLA497155285
MLA32663,MLA497409409,MLA500133730,MLA497409446,MLA497408962,MLA497409526,MLA500137410,MLA498471513,MLA500135699,MLA497409302,MLA495998696,MLA496031137
MLA94954,MLA497767742,MLA498000063
MLA7932,MLA502306921,MLA495356041,MLA496627036
MLA82451,MLA492412174,MLA496928476,MLA493244648,MLA502725850,MLA495376359,MLA489839902,MLA489839873,MLA496752016,MLA492561009,MLA494026266,MLA499962625
MLA3030,MLA497873105
MLA49574,MLA500595727,MLA500595728,MLA498030484,MLA498030483,MLA502377624,MLA502753685,MLA498483219,MLA498526456,MLA500153952
MLA120732,MLA496678890,MLA501123914,MLA496678754,MLA496678812
MLA82450,MLA502576820
MLA94956,MLA502343512,MLA502344087,MLA499775433
MLA94955,MLA498836700,MLA497688480
MLA7937,MLA502198578,MLA494026260,MLA502198592,MLA497090137
MLA126263,MLA498131195
MLA41421,MLA497776018,MLA495408335,MLA495408305,MLA497776083,MLA497883705,MLA497879689,MLA497873863,MLA497776168
MLA36844,MLA495908294,MLA502013962,MLA501815704,MLA498544859,MLA495069814,MLA498837920
MLA10104,MLA498816032,MLA498026459,MLA502284210,MLA493641730,MLA502417674,MLA502015592,MLA498575094,MLA490783866,MLA502200508,MLA495077125
MLA109387,MLA498915395,MLA502819790,MLA498915396
MLA3014,MLA495224566
MLA94963,MLA497886429
MLA121060,MLA495300497,MLA501015198,MLA500688292,MLA497045590,MLA498652551,MLA501384353
MLA94962,MLA494875757
MLA94964,MLA495265661,MLA500098226,MLA495133225
MLA7287,MLA496768563,MLA496067828
MLA119831,MLA497812504
MLA12370,MLA495497406,MLA498332312
MLA28114,MLA501713211,MLA496596248,MLA498140504,MLA498986920,MLA498140654,MLA500778416,MLA498566468,MLA501149273,MLA494921764,MLA501646056,MLA502397588,MLA497450864,MLA495771153,MLA498487048,MLA501191255,MLA495706989,MLA494921728,MLA501147940,MLA498327778,MLA494921827
MLA6442,MLA497473610
MLA6440,MLA502018695
MLA3434,MLA502585778,MLA497339265,MLA499617312
MLA46322,MLA502031843
MLA28149,MLA496429836
MLA32155,MLA495204485,MLA493135272,MLA488786968,MLA500512159
MLA86029,MLA498322913,MLA502284199
MLA31765,MLA501700550
MLA32158,MLA499045962,MLA489888088,MLA492545836,MLA498218740,MLA491757969,MLA494168651,MLA494600827,MLA495091674,MLA497235963,MLA489099811,MLA490313177,MLA495091745,MLA490051209,MLA488247112,MLA501740787,MLA492569113,MLA491234333
MLA86025,MLA498225272,MLA502284198,MLA498229843,MLA498837905,MLA501494955,MLA498597951,MLA495057664,MLA501801477,MLA502687662
MLA12325,MLA500713760,MLA500201157,MLA497172915,MLA497030835,MLA497030826,MLA501783886,MLA495447638,MLA498021270
MLA70372,MLA501675304
MLA12323,MLA496775867,MLA501875479,MLA497528809,MLA498957679,MLA494941199,MLA499275565
MLA70375,MLA495906060
MLA70376,MLA502703654
MLA70373,MLA495010259,MLA497812522,MLA500948209
MLA30096,MLA496480422,MLA498542853,MLA495471884,MLA500828756,MLA501418459,MLA495047235,MLA497329475
MLA30097,MLA500552709,MLA500835132,MLA497333414,MLA495103240,MLA498873950
MLA21884,MLA497562481
MLA127381,MLA496037403
MLA126254,MLA502342541
MLA82401,MLA493940167,MLA488341727,MLA494165132,MLA498709841
MLA82402,MLA500062802,MLA489408761,MLA495092300
MLA90966,MLA502458976,MLA495001485,MLA498067405,MLA499963532,MLA493237816
MLA82407,MLA493135274
MLA126238,MLA501577358
MLA32207,MLA501339785,MLA501821526,MLA502302621
MLA9817,MLA500578407,MLA502607392,MLA497314602,MLA498837898
MLA3044,MLA496585524,MLA495216725
MLA86292,MLA500408761,MLA498791524,MLA500732507,MLA498207410,MLA500732513,MLA501335531,MLA495273911,MLA497433840,MLA498202263,MLA499232502,MLA501552931,MLA498537439,MLA496744506,MLA498419843,MLA496904642,MLA495271568
MLA93443,MLA499616431,MLA497859179
MLA86297,MLA501112564
MLA24054,MLA502381341,MLA502376503,MLA502368802,MLA499315416,MLA499312683
MLA9614,MLA497356764
MLA46312,MLA502033232,MLA502017131,MLA501379280,MLA501379779
MLA46318,MLA500844873
MLA46319,MLA497101897,MLA498713108,MLA498713434,MLA496779883,MLA498569433,MLA496779884,MLA498036650
MLA15203,MLA500161509
MLA6423,MLA495906000
MLA6424,MLA499025497,MLA497361137
MLA46317,MLA495408510,MLA495408431
MLA6425,MLA497876107
MLA73721,MLA496463525
MLA121497,MLA498237350
MLA95333,MLA502728086
MLA125102,MLA498231327,MLA501932680
MLA22640,MLA502048918,MLA496283766,MLA495493501,MLA499320471,MLA496249722
MLA12132,MLA499238368,MLA491532653,MLA495494302,MLA499674587,MLA498879602,MLA501099769,MLA498202465
MLA42335,MLA499617275
MLA47470,MLA498029246
MLA42337,MLA501266125
MLA72251,MLA501347313
MLA6847,MLA497189254
MLA6651,MLA501340841,MLA499959809,MLA501340843,MLA500834523,MLA497375660,MLA498717392,MLA495069406,MLA501340830,MLA498717386,MLA496738971,MLA498876743,MLA498717396,MLA498876572,MLA498876639,MLA498876902,MLA498233407,MLA499198678,MLA496935875,MLA499959822,MLA498876945
MLA119876,MLA493282808
MLA86287,MLA501097458,MLA493526461,MLA496283894,MLA495911962,MLA492630581,MLA498029237
MLA9645,MLA501734867
MLA9853,MLA500680668
MLA18091,MLA499043898,MLA499046641
MLA120302,MLA500988495,MLA500988771
MLA32228,MLA498837910,MLA498539918,MLA498837928
MLA69930,MLA502539508
MLA82429,MLA498049090,MLA498061585
MLA49334,MLA502433590
MLA121485,MLA500003197
MLA90685,MLA495703919
MLA6452,MLA502874622,MLA495619693,MLA500853422,MLA496202386,MLA499534167,MLA495072915,MLA502286361,MLA499624036,MLA496205306,MLA499535110,MLA495326788,MLA497921029,MLA502612558,MLA500843622,MLA499534541,MLA502291175,MLA499534392,MLA499534203,MLA502285926,MLA502286141,MLA497916450,MLA500840516,MLA502871108,MLA500851190,MLA502129462,MLA501637510,MLA500842782,MLA500857876,MLA502286552,MLA495072985,MLA502287928,MLA500837287,MLA502876652,MLA502874908,MLA495619672,MLA500850846,MLA498056785,MLA502874946,MLA502875677,MLA500837580,MLA498050562,MLA501650698,MLA502289323,MLA502291009,MLA495619745,MLA502876545,MLA499625820,MLA500836304,MLA497916856,MLA499940433,MLA496206077,MLA500851432,MLA497920759,MLA498846315,MLA502293627,MLA498046458,MLA498041218,MLA495073031,MLA502882083,MLA495619633,MLA498045655,MLA496206361,MLA502288035
MLA90686,MLA501342939,MLA500964486
MLA22635,MLA496942323,MLA497263565
MLA44271,MLA494995842,MLA496074513,MLA502198611,MLA499638996
MLA4594,MLA501799491
MLA86271,MLA493327336,MLA499238321
MLA73730,MLA502083246
MLA120904,MLA496211271,MLA500002796,MLA496207663,MLA496209010,MLA502744430,MLA502613405,MLA496205650
MLA86274,MLA498088821,MLA491668613,MLA498566750,MLA492803005,MLA498115342
MLA24075,MLA499384756
MLA5848,MLA495908282,MLA498597999,MLA501821525,MLA501821529,MLA495699853,MLA498837899,MLA498607592,MLA498598107
MLA6656,MLA492898354,MLA499278437,MLA490425434,MLA490639612,MLA496768289
MLA24786,MLA496072120,MLA496071534
MLA126753,MLA500285692
MLA40987,MLA495145157
MLA24078,MLA499385858
MLA2458,MLA496942303,MLA499028133,MLA496585548,MLA501743881,MLA499028135,MLA497472031,MLA495216697,MLA496585543,MLA502552271,MLA496585545,MLA495823893,MLA501871466,MLA498868103,MLA499582025,MLA501871465,MLA497472998,MLA501743887,MLA497472996,MLA497472993,MLA502552274,MLA501743888,MLA499028139,MLA496942306,MLA502182032,MLA497472990,MLA499265710,MLA498865217,MLA495638584,MLA502056303,MLA499028124,MLA499028122,MLA498865199,MLA499028120,MLA498865198,MLA502182019,MLA498865195,MLA499265719,MLA502056300,MLA499733979,MLA498868116,MLA498868117,MLA500287318,MLA501871475,MLA501871476,MLA501871477,MLA501871478,MLA501871479,MLA500287313,MLA502182025,MLA500287312,MLA497472984,MLA500287310,MLA499028127,MLA496585615,MLA497472028,MLA495216726,MLA498766205,MLA502552292,MLA499028152,MLA497472050,MLA498320468,MLA498320464,MLA499734018,MLA498868124,MLA499938174,MLA502552298,MLA500287322,MLA502552297,MLA496254761,MLA496784254,MLA497941164,MLA501743891,MLA499028146,MLA502552301,MLA498865201,MLA502552305,MLA498664091,MLA495823912,MLA502552309,MLA495975864,MLA499733997,MLA495823915,MLA495823918,MLA495824114,MLA495824117,MLA499733999,MLA497473377,MLA499028149,MLA497080811,MLA502552287,MLA500161496,MLA498766224,MLA500161486,MLA498766225,MLA501871313,MLA501871310,MLA498766222,MLA498766220,MLA498865167,MLA496942299,MLA498865169,MLA495823908,MLA495216705,MLA498865166,MLA498766194,MLA501871392,MLA498868095,MLA495824120,MLA495824123,MLA496254744,MLA500161510,MLA497473326,MLA501871492,MLA498766227,MLA499734009,MLA501871482,MLA498678779,MLA501871489,MLA498865159,MLA497473016,MLA496585514,MLA497473017,MLA497473018,MLA496585513,MLA500161518,MLA497473012,MLA500161473,MLA500161470,MLA496254751,MLA495824130,MLA495824134,MLA498766216,MLA498766217,MLA496585624,MLA498678788,MLA498678787,MLA500161469,MLA497472972,MLA502056291,MLA499028118,MLA500161466,MLA498865184,MLA497472975,MLA497472978,MLA502056312,MLA498865189,MLA497472979,MLA498096305,MLA496585627,MLA496585527,MLA497473005,MLA496585526,MLA495824142,MLA496848564,MLA498678780,MLA496848560,MLA497472961,MLA501871361,MLA496585535,MLA500161500
MLA121492,MLA495579236,MLA499286149,MLA495579018,MLA495386773,MLA495578411
MLA42144,MLA501567730,MLA498837909
MLA120917,MLA500002703,MLA500002518
MLA4335,MLA502464570,MLA500192925,MLA502179272,MLA499983577,MLA502378443,MLA500998943,MLA501580831,MLA500191671,MLA502403392,MLA500188525,MLA502403334
MLA40396,MLA493244843,MLA497085017
MLA53248,MLA495497415,MLA500201158,MLA497841055,MLA502402148,MLA496775868
MLA31721,MLA501002944,MLA502753713
MLA105419,MLA500188676,MLA500188761
MLA22627,MLA496251297,MLA502784840,MLA497449026
MLA47492,MLA499626645
MLA105416,MLA501132117,MLA498310898,MLA498310863,MLA501132159,MLA498310823,MLA498310805,MLA498310787,MLA495856149
MLA47497,MLA500988677,MLA494883510,MLA500799892
MLA6201,MLA499041440,MLA495351776
MLA105420,MLA500188711,MLA502452782
MLA73987,MLA493992829
MLA126211,MLA496112344
MLA40950,MLA499965121,MLA494989253
MLA38508,MLA502051873,MLA498139593
MLA125329,MLA496935458,MLA497055770
MLA86267,MLA502035386
MLA3898,MLA499091231,MLA497638134,MLA499846169,MLA499743869
MLA7715,MLA495748067,MLA495748173
MLA125139,MLA502290263
MLA31738,MLA495008537
MLA12164,MLA501553544
MLA30067,MLA502323600
MLA125144,MLA498879410
MLA70347,MLA500629360,MLA496922775,MLA495906109,MLA499582030,MLA502607264,MLA499886713
MLA79293,MLA495499272,MLA502449251,MLA501846485,MLA500911910,MLA498612002,MLA497116283,MLA498691872,MLA496935872,MLA496935876,MLA498692084,MLA501340838,MLA496935874,MLA500595720,MLA502039462,MLA497820228,MLA500446930,MLA501840690,MLA499036150,MLA495502876,MLA499853268,MLA502868052,MLA501830823,MLA500474291,MLA499743872,MLA495069402,MLA498105167,MLA498105168,MLA496256371,MLA498105164,MLA498289973,MLA498614713,MLA499784853,MLA500595730,MLA499959816,MLA499514342,MLA498692859,MLA498289964,MLA501733336,MLA496858390,MLA497638978,MLA501529635,MLA502708679,MLA502606561,MLA501838794,MLA496448682,MLA498614006,MLA501677057,MLA499850219,MLA499786440,MLA499846159,MLA498612592,MLA499301246,MLA497637915,MLA499970960,MLA498879807,MLA498692574,MLA498691599,MLA498614204,MLA498692266,MLA497195375,MLA498614872
MLA125140,MLA500327582,MLA500308974,MLA501915910
MLA73996,MLA501960003,MLA502545015,MLA502306562,MLA502545096,MLA495917060,MLA495088319,MLA496904753,MLA498851765,MLA497047118,MLA498969726,MLA495495975,MLA501684175,MLA498457885
MLA86257,MLA495990033,MLA497086018,MLA498566944
MLA53251,MLA499275575,MLA497393498
MLA73995,MLA498871304,MLA500731220,MLA501552848,MLA500823506,MLA499178807,MLA498219363
MLA79292,MLA497194537
MLA70341,MLA496488494
MLA79290,MLA500890005,MLA496738989,MLA498922824,MLA496738983,MLA498879823
MLA70343,MLA500366093,MLA497347043,MLA497353359,MLA499538595,MLA502725594
MLA72296,MLA496387592
MLA32139,MLA488558756,MLA495749808,MLA492407993,MLA496495587,MLA500285693
MLA39453,MLA501337248
MLA120549,MLA500593132
MLA74327,MLA498989657,MLA498589439
MLA37073,MLA492668635,MLA497088962,MLA498494144,MLA495253158
MLA120547,MLA500594957,MLA495122574
MLA60658,MLA496315169
MLA120544,MLA501976113,MLA501975858,MLA500592467,MLA501853397,MLA501828004,MLA500596154,MLA501850090,MLA501849532
MLA73963,MLA495494411,MLA497012597,MLA495107613,MLA500569573
MLA3698,MLA500706372,MLA502704865
MLA73964,MLA500299983,MLA501913103,MLA498879694,MLA488966067,MLA500282491,MLA499263312,MLA493708747,MLA493156641
MLA46308,MLA495942568,MLA500829106,MLA498029242,MLA498029221,MLA495264584,MLA498544172,MLA497329477
MLA50076,MLA500073774
MLA125152,MLA489888186,MLA502296283
MLA73968,MLA495495549
MLA66153,MLA502639926,MLA501875466
MLA59337,MLA500654228
MLA10583,MLA500696807,MLA493299328,MLA494993301,MLA492599050,MLA494026278,MLA493297967,MLA497628796,MLA497547755,MLA502458970,MLA497547478,MLA502871735,MLA494026261,MLA488216481,MLA492412186,MLA502871733,MLA502871734,MLA492881534,MLA488966056,MLA491260083,MLA502196036,MLA502198596,MLA497955699,MLA494045795,MLA488495959,MLA495557113,MLA490822864,MLA494991568,MLA497090129,MLA494045800,MLA497752622,MLA492412180,MLA489675554,MLA499646035,MLA500580198,MLA497896864,MLA496074506,MLA490338871,MLA491260178,MLA498067394,MLA500251175,MLA496511100,MLA495557141,MLA492414384,MLA498477093,MLA500702618,MLA502199925,MLA496458088,MLA498477090,MLA500702617,MLA500251228,MLA494989257
MLA70355,MLA496585633,MLA496585614,MLA496585549
MLA66152,MLA500785934,MLA500785937,MLA499458364,MLA502639914
MLA72291,MLA498105163
MLA88800,MLA499061503
MLA73962,MLA500568277,MLA502608271,MLA495941703,MLA495433125
MLA12301,MLA499768311
MLA37064,MLA496031326
MLA40389,MLA495370541
MLA30857,MLA502196035
MLA40938,MLA499962628,MLA495487404,MLA499646030,MLA495487606,MLA495487546,MLA494989245,MLA494989833
MLA10575,MLA498030487,MLA498030489
MLA105423,MLA500188800,MLA500188806,MLA500207104,MLA500207185,MLA500188746
MLA37061,MLA495091959
MLA10579,MLA498473710,MLA495450610,MLA495655487,MLA498473708,MLA496402115,MLA502201528,MLA499568585,MLA498472997,MLA488852104
MLA6498,MLA498306948,MLA495345065,MLA494932434
MLA105424,MLA496905536
MLA50089,MLA497119527
MLA105431,MLA501700557,MLA499617310,MLA501700571
MLA30084,MLA502290602
MLA125166,MLA495495302,MLA495007985
MLA50087,MLA500073483
MLA70368,MLA502579896,MLA502296289
MLA68111,MLA498026467
MLA125359,MLA497962069
MLA120944,MLA502873560,MLA498063798,MLA496961263,MLA495053760
MLA32143,MLA501748109,MLA499466649,MLA492408023,MLA494219378,MLA497113153,MLA498671634,MLA494150967
MLA32140,MLA499261423,MLA498983283,MLA502486554,MLA500685892,MLA501583013,MLA498990668,MLA502450160,MLA498858809
MLA10892,MLA498305256,MLA498837102,MLA498837094
MLA40943,MLA495382958,MLA498067404,MLA502199879,MLA495487066,MLA499641485,MLA502199877
MLA73973,MLA497215389,MLA502115718,MLA501799299
MLA86030,MLA496738988,MLA499365875
MLA73971,MLA494538132,MLA498458117,MLA496007544,MLA497153784,MLA496034745,MLA495252521,MLA502426287,MLA496828003,MLA489746087
MLA24745,MLA493288221
MLA120943,MLA500584446,MLA499847792
MLA70360,MLA496170413,MLA502290273,MLA496762363,MLA501237734
