MLA76171,MLA500509349,MLA487763425,MLA488966057
MLA125316,MLA496884609
MLA4627,MLA500992418
MLA6095,MLA501329496
MLA44035,MLA497076490,MLA495912001,MLA495349286
MLA4621,MLA500995263,MLA494601159,MLA494601160,MLA495394971
MLA8808,MLA493995030
MLA44310,MLA494095170,MLA501340840,MLA495069417,MLA494095173,MLA499959818,MLA500911917,MLA495577878,MLA493794983,MLA493794982,MLA499988044,MLA495922433,MLA498761960,MLA495577870,MLA496448688,MLA500890007,MLA499743865,MLA499743867,MLA499743868,MLA494095178,MLA496448681,MLA495924884,MLA495499283,MLA495069409,MLA495577868,MLA498717393,MLA498113173,MLA498717397,MLA495577885,MLA498289971,MLA495577881,MLA499970967,MLA497746836,MLA495425504,MLA499902485
MLA4623,MLA496942335
MLA43148,MLA497313777
MLA86840,MLA499555900,MLA499562142
MLA76177,MLA492412181,MLA488216482,MLA490338875,MLA499957862,MLA498647237,MLA498067392,MLA493239892,MLA498988938,MLA498992364,MLA499965700,MLA494106101,MLA499962623,MLA500702626,MLA494758069,MLA500702625,MLA498792998,MLA498840329,MLA494106150
MLA95169,MLA495193577,MLA500570733,MLA498780328,MLA500334542,MLA496394238,MLA499545167,MLA500156213,MLA500008136
MLA4154,MLA496429996,MLA495380846
MLA4637,MLA499270270,MLA498835769
MLA17932,MLA496315410,MLA500992409,MLA496315280,MLA498507668,MLA498030482,MLA498029231
MLA1664,MLA496907957,MLA499973525,MLA495345886
MLA37864,MLA499365231
MLA8812,MLA499748196
MLA76186,MLA496953448
MLA72698,MLA499195395,MLA499208847,MLA499137886,MLA499204197
MLA72696,MLA488904090
MLA72697,MLA500686579
MLA95966,MLA496323291
MLA92508,MLA493298236
MLA31016,MLA501280324,MLA490325134,MLA498730168
MLA86834,MLA496956154,MLA501218612,MLA499036149,MLA500819150,MLA495588455,MLA497820235,MLA497012124,MLA499846152,MLA498641746,MLA494409338,MLA500446912,MLA495924914
MLA2916,MLA493236498
MLA37862,MLA500950759
MLA72688,MLA497313773
MLA4608,MLA501219028
MLA6269,MLA490313184,MLA500257177,MLA498200878,MLA494353463
MLA115388,MLA499775432
MLA76150,MLA494040936,MLA497229807,MLA497229759
MLA25795,MLA495209587,MLA496290308,MLA497941724,MLA496106456,MLA496290296,MLA498530665,MLA497941727,MLA497941725,MLA495209245,MLA497928800,MLA493782662,MLA500651579,MLA495208973,MLA499458836,MLA494172542
MLA1402,MLA497537836,MLA497630621,MLA498067396,MLA491959432
MLA2534,MLA500995305,MLA500993741,MLA499617267,MLA500986616,MLA495946835,MLA499617264,MLA494376940,MLA499617302,MLA499617274,MLA499160755,MLA498837914,MLA500863778,MLA500994398,MLA500992234,MLA500994692,MLA500985023,MLA500992927,MLA496942331,MLA500985536
MLA23439,MLA501123780,MLA495510577
MLA72685,MLA496467382,MLA497114209,MLA498837099
MLA72686,MLA495390520
MLA60281,MLA496884416,MLA493801431,MLA498791454
MLA30143,MLA497812506
MLA95141,MLA498841009
MLA83732,MLA494310602
MLA17954,MLA495922421,MLA494602397,MLA496120543,MLA493806168,MLA498233902,MLA495924883
MLA29880,MLA498231671
MLA17957,MLA496231612,MLA500008415
MLA83719,MLA497604858
MLA87724,MLA495340716,MLA500285701
MLA64214,MLA495248977
MLA72675,MLA494169229
MLA65741,MLA491757960
MLA72672,MLA495949273
MLA75549,MLA489873167
MLA2105,MLA496707482,MLA499748097,MLA498337341
MLA2103,MLA497200773
MLA72661,MLA491438318,MLA498129550,MLA500805563
MLA9291,MLA494350679,MLA499617266
MLA47912,MLA494446113,MLA500062297,MLA500574951,MLA494450711,MLA499389333,MLA495385811,MLA494451545,MLA494452318,MLA500575401,MLA494452606
MLA36584,MLA498029233,MLA498473720,MLA500029967,MLA494754322,MLA498029258,MLA497812516,MLA498964479
MLA4189,MLA498231206,MLA498598179,MLA498858871
MLA65739,MLA499339043,MLA500685999,MLA494207198
MLA5440,MLA497889098
MLA1893,MLA501406343,MLA495096040
MLA37635,MLA499407327
MLA17960,MLA499365265,MLA494463380,MLA496739987,MLA498266087,MLA501002913,MLA494463387,MLA494463376,MLA494463385,MLA494463383,MLA498266155,MLA494463381
MLA5057,MLA499638866,MLA498878173
MLA30128,MLA494344665
MLA30129,MLA496479397
MLA24046,MLA496091415,MLA496454444
MLA60299,MLA495610010,MLA499406056,MLA493801440,MLA498818096,MLA493801423,MLA495063414,MLA498837896,MLA496327768,MLA493227848
MLA9689,MLA494910523
MLA54771,MLA496806167
MLA72659,MLA500277346,MLA490811325,MLA489880510,MLA499939798,MLA493196260,MLA495749711
MLA36570,MLA496121792,MLA500587324,MLA495133325,MLA501339782,MLA496767061,MLA500686569,MLA496737666
MLA30113,MLA496942319,MLA494193273,MLA494185116,MLA499779608,MLA496463474,MLA495899088,MLA494191291,MLA494204796,MLA500687036,MLA494186862,MLA493801455,MLA499399400,MLA496463222,MLA495204369,MLA496462760,MLA495196724,MLA497117524
MLA3530,MLA494376910,MLA498725499,MLA500221870,MLA495936498,MLA499806320,MLA498221584,MLA495363922,MLA494376917,MLA494302350,MLA494489193,MLA499591142,MLA494376930,MLA500863786,MLA494488585,MLA498864734,MLA498713066,MLA497371043,MLA496942309,MLA499309637,MLA498685693,MLA499592213,MLA495275582,MLA494489523,MLA499617306,MLA494376927,MLA501078617,MLA495363890,MLA498215445,MLA494376907,MLA499617309,MLA497865081,MLA494488930,MLA494376897
MLA112397,MLA494341408,MLA500450565,MLA496031130,MLA495307620,MLA495179857,MLA495306844,MLA495307290,MLA499602471,MLA497409817,MLA494341404,MLA495308050,MLA496662766,MLA494341405,MLA499602473,MLA494341406,MLA500037706,MLA495307471,MLA496648137,MLA496648136,MLA497409939,MLA498471520,MLA496031134,MLA497786413,MLA496031131,MLA496648130,MLA497409902,MLA500450554,MLA494341418,MLA500450556,MLA496031140,MLA500450570,MLA497786422,MLA496031141,MLA496648116,MLA497409964,MLA499602465,MLA494341417,MLA494341414,MLA496648129,MLA496662685,MLA496031143,MLA497409928,MLA497786423,MLA495306999,MLA495180536
MLA95131,MLA501067995,MLA499152707
MLA3535,MLA500102871,MLA497399475
MLA37234,MLA498395331,MLA496479351,MLA493940337
MLA55256,MLA487600086
MLA42431,MLA500931018,MLA501402662,MLA500939134,MLA501402861
MLA31646,MLA494440970
MLA62928,MLA497544018
MLA43715,MLA498842400,MLA496202632
MLA49359,MLA494758067,MLA493237582,MLA500444141,MLA497630606,MLA494758065,MLA497090128,MLA494042837,MLA498067386
MLA30389,MLA500651583
MLA30101,MLA498067574
MLA36566,MLA495704909,MLA500686566,MLA500822679,MLA495703918
MLA2962,MLA499617272,MLA500116364,MLA500116367,MLA500116369,MLA500116368
MLA31630,MLA499185677
MLA37611,MLA498837918
MLA54182,MLA488341453
MLA3520,MLA497107224,MLA490953503
MLA62934,MLA495946860,MLA499617291
MLA95109,MLA494910510,MLA494172536
MLA23470,MLA495384265,MLA494212626,MLA494213150
MLA23472,MLA493684677,MLA493688072,MLA493685143,MLA495503277,MLA500051117,MLA494216686,MLA493686525,MLA493687813,MLA500048005,MLA493682323,MLA496756076,MLA495326151,MLA493685756,MLA493683811,MLA496755620,MLA495503882
MLA44535,MLA494472704,MLA494739288,MLA499020709
MLA3529,MLA499582022,MLA498534429,MLA500684760,MLA499582031,MLA499582027,MLA497888599,MLA497888486,MLA498534432,MLA500533664,MLA496383594,MLA494760599
MLA23468,MLA495487486,MLA496752690,MLA496751039,MLA495571750
MLA82876,MLA495389950,MLA497085160
MLA44540,MLA499582006
MLA10686,MLA496767871,MLA494108103,MLA501389521
MLA5977,MLA500823372
MLA2342,MLA497941173
MLA36551,MLA499732166,MLA498858277
MLA36552,MLA500992414
MLA37600,MLA497909605,MLA496074511
MLA2974,MLA500973312,MLA500852283,MLA500854273
MLA49346,MLA496472316,MLA493801422
MLA49345,MLA500533171
MLA37602,MLA494026265
MLA34329,MLA496463635
MLA37603,MLA500702622
MLA49342,MLA496393946
MLA14755,MLA500392186
MLA95110,MLA497941722,MLA495595098,MLA495595099,MLA496290447
MLA86810,MLA494139706
MLA2976,MLA497948496,MLA500196770,MLA501071549
MLA2977,MLA497263529,MLA499590964,MLA499896705,MLA497861691,MLA497861259,MLA499779284,MLA496121936,MLA499195478,MLA501078571
MLA62959,MLA498600616,MLA496122167,MLA496122177
MLA2980,MLA497869227,MLA500102937,MLA495783793
MLA116947,MLA496757246,MLA496369519,MLA495582548
MLA57875,MLA500288046,MLA499744087,MLA496768051,MLA495335751
MLA57879,MLA498837923
MLA125507,MLA494927205,MLA497537821
MLA45846,MLA497330956
MLA3703,MLA493251066
MLA2998,MLA495260930
MLA81526,MLA499952591,MLA496806017
MLA62961,MLA498341357
MLA62962,MLA498057495,MLA497319836,MLA500197243,MLA500197041,MLA500197209
MLA2996,MLA495208072
MLA1458,MLA494376909,MLA501579784,MLA496562351,MLA495946831,MLA499617292
MLA125510,MLA498837908
MLA125764,MLA499538519,MLA495918544,MLA497333417
MLA90335,MLA496961956,MLA496286289,MLA496383350,MLA496286272,MLA496360609,MLA496286280,MLA496383058
MLA90336,MLA495912501,MLA496911735
MLA126379,MLA498029241
MLA90331,MLA498432032,MLA500196310
MLA62973,MLA497941153
MLA30804,MLA499618247,MLA489071917,MLA501106361,MLA497215249,MLA494351028,MLA496733095,MLA494316676,MLA492688285,MLA497044791,MLA495242350
MLA30803,MLA500508025,MLA498093561,MLA497937176,MLA496118592,MLA494556776,MLA494232690,MLA497215257,MLA500508031,MLA494452998,MLA489793781,MLA494493679,MLA489930068,MLA494148290,MLA499130475,MLA495947459,MLA494142103,MLA501093738,MLA495076404
MLA30806,MLA497920234,MLA487563023
MLA30805,MLA495047363
MLA1075,MLA499409290
MLA18349,MLA501238409
MLA1070,MLA495039321,MLA500501799,MLA495337093
MLA87520,MLA499365230,MLA499365237,MLA500992417,MLA494434634,MLA494434635,MLA494429430
MLA125771,MLA501093429
MLA87522,MLA494429432,MLA498029235,MLA499365250,MLA498030853,MLA496595231,MLA496969525,MLA494382376,MLA501562716
MLA87523,MLA498284821
MLA87525,MLA497547477
MLA117215,MLA499966369
MLA25921,MLA493714388,MLA498060671,MLA497941726
MLA1889,MLA498567282
MLA62985,MLA494563047,MLA493851349
MLA22375,MLA498827403,MLA500048965,MLA495576290,MLA501567640,MLA500606929,MLA501334265,MLA498827123,MLA500050066,MLA498827414,MLA494223737,MLA501567328,MLA498754328,MLA500721282,MLA500605897,MLA501334955,MLA501567688,MLA500047872,MLA500605738,MLA501567341,MLA500607321,MLA494317592,MLA500517132,MLA498827194
MLA22374,MLA494455720
MLA62986,MLA496908786
MLA90344,MLA496741085
MLA1881,MLA494376946
MLA36518,MLA499625959,MLA501304194,MLA501300181,MLA500726817,MLA500726813
MLA62980,MLA495208066,MLA498780325,MLA500471429,MLA498780321,MLA500471436
MLA37643,MLA501123384
MLA37640,MLA501122091,MLA499625705,MLA496814021,MLA501121542
MLA22378,MLA495610962
MLA1607,MLA495681184,MLA500379629,MLA494499663,MLA498582838,MLA501340226,MLA500034107,MLA501340230,MLA495108616,MLA495196878,MLA496487372,MLA494761808,MLA496468480,MLA497214663,MLA495334956,MLA500541339,MLA495681192,MLA496479843,MLA498037083,MLA495108593,MLA501324015,MLA495113845,MLA497313627,MLA501363191
MLA22377,MLA501568547,MLA500719354,MLA500609616,MLA494162570,MLA495383527,MLA500063255,MLA500717880,MLA500722230,MLA500603810,MLA501568642,MLA494048122,MLA500048671,MLA494338619,MLA496766827,MLA501568574,MLA494163392
MLA126394,MLA494617964
MLA30825,MLA501093175
MLA1227,MLA495946891,MLA498471957
MLA74521,MLA501460339,MLA499478980,MLA495551452
MLA44768,MLA496195992
MLA11982,MLA494644629,MLA500180931
MLA30823,MLA492072014,MLA492072347,MLA499016678,MLA499015356,MLA487703996,MLA500517085
MLA74529,MLA498839334,MLA500831615,MLA496480267,MLA497209880,MLA501373751
MLA125550,MLA494450786,MLA490915606,MLA497776725
MLA7200,MLA500245198,MLA494910515,MLA493996907
MLA11989,MLA495860095,MLA500715337,MLA500584593,MLA500423520
MLA74524,MLA495456840,MLA495223969
MLA74525,MLA494757622
MLA125741,MLA498837902
MLA74526,MLA500833040
MLA74527,MLA500829110
MLA22325,MLA496463570
MLA1615,MLA497183265
MLA22322,MLA499390293,MLA494559213,MLA499391411,MLA494558248,MLA494558542
MLA1422,MLA499617278,MLA499617295,MLA499617304,MLA496942326
MLA118736,MLA496812210,MLA496796934,MLA501122600,MLA496042812
MLA5236,MLA500992639,MLA500834522,MLA494379520,MLA494382367,MLA499365886,MLA496741084,MLA500992413,MLA501002932
MLA11996,MLA496081067
MLA72195,MLA498790308,MLA498227791,MLA501379691,MLA496395689,MLA500587838
MLA30812,MLA499780584
MLA72196,MLA494537943
MLA30813,MLA498842110
MLA30810,MLA500533167,MLA499465581,MLA500590329,MLA500533174,MLA500964499,MLA501342937,MLA501339786,MLA494832620,MLA500686570,MLA500533173,MLA500529721
MLA30811,MLA495946552,MLA499115221,MLA493801447,MLA498029220
MLA7211,MLA494739580
MLA125752,MLA501384234,MLA501385938,MLA495073307,MLA501384954
MLA18394,MLA496474815,MLA499569400,MLA494838951
MLA7209,MLA499252847,MLA499458835
MLA56782,MLA497604532,MLA490704653,MLA496250748,MLA494340670,MLA500805572,MLA498394432
MLA87510,MLA495222543
MLA115128,MLA500950927
MLA18390,MLA498664086,MLA496738978,MLA498526433,MLA494382379,MLA496507942,MLA498528528,MLA498664101,MLA498664093
MLA11990,MLA500301727,MLA496051086,MLA500304419
MLA72191,MLA500925879
MLA87519,MLA499846160,MLA495499277,MLA500446908,MLA497103366
MLA87518,MLA494429428,MLA500992415
MLA1622,MLA499865667
MLA30809,MLA494352331,MLA492072787,MLA494719505
MLA18398,MLA494381507,MLA499365877,MLA499365869,MLA499365890,MLA496740621,MLA494382369,MLA498228216,MLA494381511,MLA499365242,MLA494382375,MLA498526440,MLA499365247
MLA30808,MLA501065313
MLA1620,MLA496202609,MLA501094589,MLA501094360
MLA30807,MLA487731871
MLA22318,MLA496786353,MLA499388779,MLA494350223,MLA496787033,MLA500050324,MLA495485723,MLA494345580,MLA494349158,MLA499317172,MLA495488461,MLA494345899
MLA34199,MLA494275279,MLA496463724,MLA494273395,MLA494272978
MLA120681,MLA500758321,MLA495051788
MLA120280,MLA496791374,MLA496795735
MLA74504,MLA501265434
MLA30840,MLA499730113,MLA500494364,MLA495067373,MLA493550483,MLA500507636,MLA487401699,MLA501106874,MLA496743253
MLA82285,MLA492065893
MLA74508,MLA499174927
MLA125721,MLA496157263,MLA497708083
MLA70502,MLA497812524,MLA497812525,MLA500008574,MLA497812510,MLA497812500,MLA497812505,MLA499127964
MLA116721,MLA501281725,MLA490790374,MLA498646281
MLA65798,MLA496914494,MLA500848079
MLA116722,MLA500143551
MLA70503,MLA498514233
MLA70504,MLA497245073,MLA496223357,MLA495604338,MLA496073181,MLA494503462,MLA493823620,MLA492599974,MLA494625042,MLA497056250,MLA501343207,MLA501343204,MLA497056342,MLA494641384,MLA497055694,MLA493673830
MLA65799,MLA500855360,MLA500845014,MLA500675124
MLA116720,MLA497213940
MLA95391,MLA494376936,MLA496122163
MLA65793,MLA488696271,MLA498294465,MLA500676067
MLA120272,MLA496790287,MLA496784098,MLA496784273,MLA496787668,MLA500991292,MLA497094509
MLA1635,MLA501340844,MLA501340839
MLA11191,MLA500560426
MLA95592,MLA497941148
MLA18388,MLA500685223,MLA496514016,MLA494381505,MLA494381504,MLA498526439,MLA498526462,MLA498526458
MLA36904,MLA500851635
MLA4851,MLA491497640,MLA495051585,MLA495952826
MLA30834,MLA499865673,MLA500508033
MLA5233,MLA499968643,MLA501257627,MLA496766426,MLA498306726,MLA495954848,MLA490612391,MLA493630959,MLA501257451,MLA489796803,MLA500578049,MLA501405881,MLA500673860,MLA500814049,MLA499547787,MLA494345095,MLA499968649
MLA30835,MLA494144410,MLA489798855,MLA495952787,MLA497118499
MLA5232,MLA497044787,MLA497924783,MLA497118568,MLA498512484,MLA493640048,MLA495963430,MLA501502876,MLA494469665,MLA495067433,MLA489072615,MLA489939415,MLA494232010,MLA494335009,MLA495963114,MLA500646340,MLA496118603,MLA498083183,MLA487091986,MLA501503652,MLA489075657,MLA495954501,MLA496036711,MLA498548491,MLA501405335,MLA499493664,MLA495954617,MLA487526157,MLA494472718,MLA495949297,MLA494347265,MLA495955366,MLA491235536,MLA494354676,MLA487604070,MLA500023822,MLA494308329,MLA495954691,MLA495073077,MLA495952563
MLA5231,MLA495984313,MLA494145022,MLA500964498,MLA498811775,MLA492666303,MLA500822681,MLA494758013,MLA500529722,MLA499724207,MLA486919421,MLA495970388,MLA495074944
MLA83768,MLA498240472
MLA30833,MLA499778156,MLA499193697,MLA495704910,MLA500964501
MLA5230,MLA486944781,MLA498688613,MLA494578220,MLA498548502,MLA491565358,MLA490783717,MLA490086725,MLA500712043,MLA496036842,MLA492669202,MLA489930186,MLA495070292,MLA494577918,MLA494317231,MLA500020115,MLA499030769,MLA490087233,MLA501094980,MLA495073779,MLA497887439,MLA489797335,MLA501467929,MLA492069302,MLA494463139
MLA95197,MLA496942333,MLA496942318,MLA496122194
MLA30839,MLA493647377,MLA490860405,MLA489146533,MLA498750114
MLA30837,MLA501363188
MLA125731,MLA498233675
MLA62681,MLA498837095
MLA30831,MLA500508034
MLA90107,MLA488906305
MLA116715,MLA493831373,MLA497690328
MLA116716,MLA499012962
MLA1643,MLA497941149,MLA497786425,MLA499398576,MLA500450564,MLA500132658
MLA5229,MLA497044788,MLA494344434,MLA491064562,MLA496118595,MLA489794726,MLA494145503,MLA489354673,MLA497842538,MLA497911722,MLA500711068,MLA499707936,MLA498664423,MLA500532727,MLA500532725,MLA495040147,MLA487710894,MLA498548495,MLA495948283,MLA495950308,MLA496559426,MLA495033426,MLA498516843,MLA498507033,MLA489798817,MLA495950334,MLA500508030,MLA497908952,MLA498026798,MLA495945829,MLA489950411,MLA491710299,MLA497910957,MLA498749693
MLA116717,MLA498328215,MLA494541073,MLA500416650
MLA5227,MLA497192356,MLA496679161,MLA494762856,MLA501342936,MLA501082409,MLA500717037,MLA500817747,MLA497929931,MLA500590332
MLA86328,MLA494948771,MLA496293783,MLA495493161,MLA495760629
MLA85724,MLA494026271,MLA500078356,MLA493814531,MLA493825863,MLA495575446,MLA497812515,MLA494026269,MLA498029226,MLA491730080,MLA488495946,MLA493236671,MLA492768930,MLA499639830,MLA498843798,MLA499744331,MLA491729978,MLA490463889,MLA500701768,MLA500087055
MLA121717,MLA498207164
MLA86329,MLA499235495,MLA497906816,MLA497535737,MLA500732491,MLA496751451,MLA496367587
MLA85727,MLA493801879,MLA493801430,MLA493806055,MLA493801406
MLA101353,MLA500525068,MLA500568188,MLA499124093,MLA500573278
MLA63262,MLA497233362,MLA498029259,MLA495610012,MLA501601216,MLA498178831,MLA498878145
MLA101354,MLA499016211,MLA495384979
MLA125475,MLA495493056,MLA495893336
MLA120853,MLA500688266,MLA501298397,MLA493917217,MLA495729933,MLA494269458,MLA497461123,MLA493827859
MLA86323,MLA500732501
MLA1902,MLA500136952,MLA501450416,MLA497941159,MLA497225711
MLA10212,MLA501342934,MLA498716525,MLA499193995,MLA493877468,MLA500822682
MLA119711,MLA497210420,MLA500696483
MLA1903,MLA495946881,MLA496942337
MLA1259,MLA498029218
MLA48905,MLA501386072
MLA1901,MLA493923781,MLA500140486,MLA495180471,MLA499602470,MLA495180473,MLA495289913,MLA500138936,MLA495303567,MLA500037709,MLA497408351,MLA500037708,MLA500037704,MLA496031135,MLA495924907,MLA498667984,MLA494409320,MLA500450934,MLA497408347,MLA500037710,MLA496648143,MLA495924902,MLA496648144,MLA501285246,MLA495305684,MLA497004200,MLA501391783,MLA500450561,MLA498836058,MLA500138615,MLA498837919,MLA496648133,MLA495290613,MLA500137872,MLA496404596,MLA495306002,MLA500450557,MLA500143335,MLA500450559,MLA500450558,MLA496648115,MLA497786421,MLA499097854,MLA500134090,MLA499907213,MLA500147546,MLA495304492,MLA495306177,MLA500633024,MLA501621240,MLA495290349,MLA500212690,MLA498471516
MLA70044,MLA501610652
MLA120653,MLA501250709,MLA501251222,MLA501251551,MLA501250072
MLA7660,MLA499819041,MLA496281286,MLA498254660
MLA40428,MLA501508063,MLA496231840
MLA40427,MLA498566905,MLA495384272,MLA493786937,MLA500282573,MLA493769989,MLA496451218,MLA499238135
MLA57670,MLA493689026
MLA39966,MLA494128310,MLA497497641,MLA497199606,MLA496034728
MLA120865,MLA501262101,MLA494002718,MLA494480677,MLA498904894
MLA119710,MLA499761898
MLA48511,MLA496470548
MLA119702,MLA498874029
MLA119701,MLA501106223,MLA500714691
MLA1267,MLA495638553,MLA500052824,MLA499617301,MLA498471954,MLA497454442
MLA74031,MLA495492879,MLA495912062,MLA495729907
MLA120667,MLA498226807,MLA498856480,MLA498226666,MLA495051863
MLA74030,MLA496934031,MLA500732126
MLA63274,MLA497328453
MLA101351,MLA496065206,MLA501499027,MLA494318031
MLA39964,MLA498884637,MLA498911770,MLA498886939
MLA91693,MLA497114212
MLA40011,MLA498839324,MLA500075590
MLA91699,MLA498473724,MLA498067402,MLA500251306
MLA95415,MLA494499736,MLA494500485,MLA496463976,MLA494500619,MLA494500550
MLA70411,MLA497055561,MLA501343203,MLA501303769
MLA74029,MLA496628571
MLA46003,MLA494146290,MLA496118591,MLA500111234,MLA496571393,MLA496118602,MLA494577661,MLA494308022,MLA498820873,MLA495947652,MLA494759365,MLA501492413,MLA497902431,MLA494337756,MLA500532724,MLA500646343,MLA487452836,MLA498226601,MLA496034834,MLA500532720,MLA495893538,MLA499730413,MLA498750006,MLA501490417,MLA497216580,MLA494336889,MLA498574958,MLA501409755,MLA497215254,MLA499129826,MLA495952044,MLA498226486,MLA499865675,MLA498026204,MLA494635774,MLA494141186,MLA494563196,MLA493568682,MLA495922207,MLA494700059,MLA500532732,MLA498574732
MLA8618,MLA497113327,MLA498229891,MLA494953081
MLA40432,MLA495217939,MLA498917338,MLA494988436,MLA494991241
MLA74021,MLA496934838,MLA497185207,MLA498812496
MLA40431,MLA492376642,MLA500847510,MLA494537959,MLA496964379
MLA86343,MLA495912573
MLA116631,MLA494489996
MLA39952,MLA496685275,MLA499894242
MLA39951,MLA498879644,MLA496934109
MLA74020,MLA498566807,MLA498641779,MLA500702619
MLA39950,MLA495495230,MLA495760613,MLA492789398,MLA500551242,MLA497608624,MLA492789414,MLA499309480,MLA495493332,MLA500732498,MLA495988706,MLA495604562
MLA30753,MLA499617289,MLA495946848,MLA497941157,MLA498837911,MLA497941165
MLA82353,MLA500964507
MLA10233,MLA499731401
MLA109039,MLA497630623,MLA494045799
MLA30759,MLA487543220,MLA487569940,MLA494740394,MLA495908304
MLA46006,MLA496971179,MLA499622581,MLA501007021,MLA497144554,MLA501246630,MLA496313076,MLA497152792
MLA30756,MLA491064677,MLA500937211,MLA499365238
MLA30755,MLA500992396,MLA494382372,MLA494429429,MLA494429419,MLA501002915,MLA498027237,MLA497375654,MLA498528537,MLA498526444,MLA496738970,MLA498526431,MLA498526441,MLA499365879,MLA494382363,MLA498526428,MLA501002934,MLA499365885,MLA494464716,MLA499751240,MLA499365883,MLA499365874,MLA494429436,MLA494358986,MLA500536080
MLA30757,MLA497940503,MLA491709490,MLA501257447,MLA497878308,MLA491302454,MLA498825008,MLA497438288,MLA501257452,MLA496767909,MLA499624884,MLA497194540,MLA501257453
MLA86339,MLA498560113,MLA493708801,MLA496456662,MLA501552777
MLA86338,MLA497366231,MLA496050479,MLA498457842,MLA494576746,MLA498991959
MLA74019,MLA497630628
MLA120842,MLA501237581
MLA86331,MLA495135741,MLA488808955,MLA495493412,MLA499238163
MLA1912,MLA500707351,MLA494450302
MLA30764,MLA496121793,MLA498837915
MLA30763,MLA496767067,MLA494459560,MLA500964502
MLA1910,MLA495946863,MLA497863440,MLA496051929,MLA494302307,MLA494376925,MLA494376912,MLA494376911,MLA494302407,MLA495363998,MLA495946837,MLA494376929,MLA494376915,MLA494376905,MLA496914478,MLA497864045,MLA495364138,MLA499590780,MLA496942332,MLA498587329,MLA496942330,MLA496907461
MLA121305,MLA501479894,MLA499535026,MLA499515076,MLA500064988
MLA125452,MLA497513084
MLA1915,MLA498839328
MLA52046,MLA498473721,MLA499619795,MLA498837924,MLA500998479,MLA497812514,MLA498473717,MLA498473726,MLA498232722,MLA495268578
MLA121307,MLA499511340,MLA499512797
MLA1289,MLA495677823,MLA499113198,MLA499625930,MLA497949652,MLA496814027
MLA1914,MLA497947638,MLA500880996,MLA496287056,MLA495107280,MLA495107262,MLA496127899,MLA496845201,MLA496127878,MLA498169514,MLA498169513,MLA494213086,MLA498757960,MLA498169510,MLA498757961,MLA494213081,MLA496867006,MLA498757946,MLA495351725,MLA500881244,MLA496128140,MLA495946876,MLA494213079,MLA494213076,MLA500881241,MLA494213073,MLA498534557,MLA500881248,MLA496132807,MLA496128074,MLA498757958,MLA498757957,MLA501533028,MLA498757955,MLA499796723,MLA496753617,MLA498757954,MLA496286899,MLA499024772,MLA494213116
MLA30768,MLA499619507,MLA497216033,MLA488688603,MLA496118586,MLA495066941,MLA491937194,MLA491807817,MLA495325439,MLA495068149,MLA489069276,MLA487701678,MLA489794715,MLA496501176,MLA498512847,MLA488303450
MLA46275,MLA494114355
MLA109040,MLA494535505
MLA40455,MLA496739989,MLA497375659,MLA497375662,MLA487680664,MLA497205796,MLA498526426,MLA494745005,MLA500992410
MLA40456,MLA496738976,MLA496739997,MLA500992404
MLA120618,MLA498856245,MLA495052763
MLA6569,MLA497941156
MLA90711,MLA500587341,MLA500732646
MLA90712,MLA496974622,MLA500730266,MLA500590325,MLA500529718,MLA500594167,MLA494161921
MLA126151,MLA497044792
MLA120891,MLA494590377,MLA494589984,MLA494590695
MLA90709,MLA498542455,MLA498839319,MLA494740387
MLA30778,MLA494136511
MLA90708,MLA496467866,MLA494740386,MLA494168221,MLA500971661,MLA495704905,MLA497318827
MLA50399,MLA498169515
MLA90706,MLA495699867,MLA494164992
MLA126148,MLA496202679,MLA496202605
MLA90703,MLA498563397,MLA493795991,MLA493764910,MLA493879246,MLA494740393,MLA495648899,MLA493831788,MLA494450303,MLA495349121,MLA500533175
MLA90327,MLA496122209
MLA30771,MLA491604336,MLA499616933
MLA1296,MLA498707248
MLA24693,MLA498471958
MLA90321,MLA494480608,MLA493688147,MLA496386546,MLA497457750,MLA496251141,MLA497463125,MLA501113556,MLA497576340,MLA494474182,MLA496673778,MLA501112742
MLA6575,MLA494965043,MLA498712087
MLA40465,MLA487926657
MLA90306,MLA496050604
MLA74273,MLA498737871,MLA497201146,MLA498743602,MLA498856185,MLA497201157
MLA74272,MLA499275106
MLA90308,MLA495520306
MLA74270,MLA495224158,MLA499728862,MLA499115252,MLA498957009,MLA498548497,MLA495922278,MLA498240817,MLA500532721
MLA126143,MLA501092862
MLA90720,MLA496767068,MLA493761189,MLA495349471
MLA90721,MLA501339787
MLA10933,MLA494161941
MLA116456,MLA495595021,MLA495594798
MLA70403,MLA496932615
MLA70402,MLA501527955
MLA70401,MLA494107925,MLA496503328,MLA499199871,MLA498216262,MLA498534437,MLA499182261,MLA500965710,MLA500868236,MLA493821274,MLA494216824,MLA499582021,MLA498473709,MLA497055873,MLA499582026,MLA493833520,MLA497888636,MLA501381443,MLA498870502,MLA496512491
MLA70400,MLA497812518
MLA121745,MLA495511600
MLA90717,MLA495069818
MLA30789,MLA494429425,MLA498029223,MLA494224676,MLA493801443,MLA495116465,MLA500187631,MLA500155229,MLA501385758,MLA496315061,MLA501385219,MLA498887999,MLA496741172
MLA126135,MLA494235012,MLA499865672
MLA126136,MLA496325922
MLA46251,MLA498067385
MLA74276,MLA499598099,MLA500687448,MLA498100751,MLA497758190,MLA499865669
MLA90314,MLA499153504,MLA499617273
MLA30783,MLA495072984,MLA501467619
MLA90313,MLA498858870,MLA498887951
MLA12254,MLA498120663
MLA74274,MLA500525077,MLA495585414,MLA497344791,MLA496443894,MLA493227445,MLA496510714,MLA497342489,MLA501519771
MLA74275,MLA499115198
MLA12252,MLA494995838
MLA90315,MLA498838205
MLA30786,MLA495511707,MLA500508024,MLA499730099,MLA487571586,MLA494345133,MLA493564876,MLA500717627,MLA495047531,MLA495955709,MLA498548496,MLA497375663,MLA498880639,MLA495946941,MLA498026460,MLA494382378,MLA501002937,MLA499194903,MLA500992422,MLA493565131,MLA500694655,MLA500694658,MLA499365880
MLA90310,MLA501115515
MLA30787,MLA489841902,MLA500579678
MLA47508,MLA498534427
MLA90311,MLA500824928,MLA501106727
MLA74262,MLA496202527,MLA496202557
MLA10273,MLA494116860,MLA497090134
MLA120878,MLA500002343,MLA499625461,MLA496041400
MLA3931,MLA495672593,MLA498029225
MLA120879,MLA498092202
MLA125289,MLA494775386
MLA3938,MLA495639438,MLA498060677,MLA496354822,MLA494277907,MLA501192380,MLA500609375,MLA500008143,MLA496463841,MLA500008144
MLA97696,MLA500275761,MLA500105701
MLA39992,MLA500773880
MLA30791,MLA494362473
MLA74264,MLA501106732
MLA39990,MLA492638064
MLA40470,MLA493775158,MLA493817334,MLA495782191,MLA495092071,MLA497512983,MLA495602333,MLA493687589,MLA497105509,MLA500092680,MLA493775204,MLA495602131,MLA495092390,MLA500686510,MLA497243154,MLA499261651
MLA10005,MLA496942334,MLA494376947
MLA120886,MLA501274589
MLA24181,MLA496762994,MLA494352784,MLA494327141,MLA494353735,MLA496759319
MLA10001,MLA498140784,MLA496427206,MLA494249202,MLA494818609,MLA497689588,MLA496306555,MLA501192409,MLA494817509,MLA495354798
MLA27575,MLA496476252
MLA39989,MLA495433198
MLA74666,MLA491937335
MLA3946,MLA493994264
MLA24184,MLA494146359,MLA499413866,MLA496458460,MLA499410992,MLA496460218
MLA67590,MLA501284670
MLA14060,MLA497752627,MLA499949296,MLA495000177
MLA3949,MLA498235925,MLA496235445,MLA497090130,MLA498067393
MLA95435,MLA494910518,MLA496290304,MLA499545161,MLA500784515,MLA494910516
MLA38865,MLA495240841
MLA74254,MLA496203035,MLA498874622
MLA7185,MLA501623241,MLA498471960,MLA494361487,MLA497941163,MLA494376937,MLA495946869,MLA497941152,MLA498329905,MLA497941172,MLA494943828,MLA493934911
MLA3121,MLA497048610,MLA494376941,MLA496290312
MLA29905,MLA494345500,MLA496468258
MLA29906,MLA496470192,MLA496595225,MLA498837101,MLA493801415,MLA496212958,MLA498837096,MLA500050614,MLA499555904,MLA497317498
MLA10095,MLA496122192,MLA501342943,MLA500526872
MLA66271,MLA496739990
MLA126109,MLA494345292
MLA66275,MLA500003851,MLA497949646,MLA497649924,MLA495512049,MLA501124192,MLA499625809
MLA125276,MLA500008907
MLA65800,MLA498664099
MLA47740,MLA496739976,MLA496738975,MLA496740380
MLA9767,MLA498528534,MLA501002933
MLA9766,MLA494838930,MLA500950260
MLA9953,MLA500805565,MLA493135268,MLA497562264,MLA492408246,MLA496090869,MLA492109907,MLA498220968,MLA495460051,MLA495204584,MLA496254492,MLA488903738
MLA44391,MLA500707512
MLA72204,MLA495604590,MLA495297647
MLA44392,MLA496258322,MLA500686578,MLA500677557
MLA9760,MLA497758193,MLA499050524
MLA72203,MLA499238288
MLA44393,MLA500805569
MLA29913,MLA498837904
MLA29914,MLA496202787,MLA498029251,MLA500020065,MLA498029255,MLA498839329
MLA86395,MLA501110621
MLA2340,MLA496617608
MLA82308,MLA498207596
MLA125281,MLA497099706
MLA6331,MLA496243950,MLA496966918,MLA498984344,MLA487443075,MLA498220892,MLA500285690,MLA496041451,MLA489839624
MLA65817,MLA496389948,MLA500851468,MLA498322355,MLA498324770,MLA500849951,MLA500956770,MLA498294472,MLA501118801,MLA500676064,MLA501118854,MLA500676061,MLA500850171,MLA500956897,MLA498825885
MLA6325,MLA496482395,MLA492408360,MLA498043093,MLA498044709,MLA496090786,MLA500300368,MLA498708695
MLA125277,MLA498384471,MLA493675354
MLA65813,MLA499907218,MLA499301264
MLA2333,MLA496122207,MLA495946875,MLA495946857
MLA60307,MLA498029234,MLA499774973,MLA498790863
MLA47752,MLA498526453,MLA497375668,MLA500022187,MLA496739986
MLA12218,MLA495912043
MLA6536,MLA500587318,MLA495908284,MLA499118306
MLA12215,MLA496814033,MLA495677828,MLA499630282
MLA9962,MLA499627861
MLA66290,MLA499603064,MLA495711924,MLA498582347,MLA499743861,MLA500595726,MLA498922826,MLA499743866,MLA498697810,MLA495711894,MLA498200269,MLA498579219,MLA493813218,MLA494095175,MLA500169037,MLA495298557,MLA494095179,MLA499301263,MLA494095180,MLA494095184,MLA498233907,MLA498564475,MLA498233905,MLA501552971,MLA498531645,MLA495577887,MLA499743871,MLA496956153,MLA495577886,MLA495924898,MLA495577880,MLA498579502,MLA498293287,MLA499036141,MLA494095189,MLA495069415,MLA500911930,MLA498483230,MLA499991185,MLA498483232,MLA495577877,MLA498572048,MLA498483239,MLA497104368,MLA499091242,MLA498572995,MLA501529636,MLA498523444,MLA498697283,MLA498572896,MLA498901419,MLA498697583,MLA500404273,MLA498292877,MLA498573092,MLA498529742,MLA495577866,MLA498172775,MLA495577865,MLA498173132,MLA501023842,MLA495577869,MLA495577864,MLA498586081,MLA494095167,MLA496150583,MLA500911915,MLA499301231,MLA501621276,MLA500911911,MLA493701013,MLA498586664,MLA498825085,MLA498172526,MLA498582634,MLA498566442,MLA498572795,MLA498567268,MLA495069404,MLA495069401,MLA498172855,MLA496448676,MLA498901423,MLA498105161,MLA498187359,MLA498901422,MLA499959814,MLA499959817,MLA498586555,MLA498293971,MLA498586160,MLA494967465,MLA497195369,MLA498697029,MLA498566859,MLA499959810,MLA499959813,MLA498172528,MLA498697732,MLA498316949,MLA498342109,MLA498572272,MLA501483453,MLA497012227,MLA501621288,MLA499907212,MLA501218626,MLA501218625,MLA497195373,MLA498641768,MLA498293573,MLA500446920,MLA496120538
MLA9944,MLA496431729
MLA124124,MLA496063573
MLA64296,MLA500980312
MLA126124,MLA496894035,MLA498837925,MLA498712324,MLA501094760,MLA495355203
MLA90726,MLA495971101
MLA126128,MLA501086561
MLA66292,MLA499907209,MLA496404602,MLA498703494,MLA496814807,MLA494347087,MLA494347088,MLA495922423,MLA498703410,MLA498703551,MLA500446899,MLA498233910
MLA126133,MLA498839326
MLA126134,MLA496503896
MLA9950,MLA496192618
MLA12208,MLA494722041,MLA498222887,MLA497949645,MLA496813758,MLA500565194,MLA497949653
MLA59863,MLA501002931
MLA44388,MLA500822684,MLA501343582,MLA495649532
MLA24683,MLA498837903
MLA79323,MLA501160275,MLA495912013,MLA493086692
MLA9938,MLA496574038
MLA38829,MLA501181657
MLA3569,MLA497878311,MLA500673866,MLA500673865,MLA492379123,MLA500945835,MLA500945826,MLA500021728,MLA500814048
MLA6719,MLA496492682,MLA494364543,MLA499935711,MLA493413678,MLA496966839
MLA12006,MLA499470455
MLA12811,MLA495069817,MLA500814709
MLA67936,MLA495482926
MLA12812,MLA500677555,MLA500536081,MLA494162542,MLA493879253,MLA501339778,MLA499760013
MLA6514,MLA496814028,MLA501337247
MLA32040,MLA499633557
MLA11373,MLA498029245
MLA32042,MLA498841010
MLA76149,MLA495299262
MLA30984,MLA500792716,MLA493763143
MLA125231,MLA497886287,MLA501507126,MLA500091980
MLA76145,MLA500855766,MLA498102637,MLA499322767
MLA66230,MLA498698131,MLA498310984,MLA495069391,MLA497742664,MLA493794984,MLA498302449,MLA498311143,MLA499743870,MLA501285066,MLA500125303,MLA495577884,MLA497311831,MLA499846167,MLA496448679,MLA498311225,MLA497120061,MLA495577872,MLA500125131,MLA496448680,MLA498105170,MLA498311375,MLA498302597,MLA496935877
MLA126403,MLA498031212,MLA498755098,MLA498751499,MLA498753587,MLA498741188
MLA30986,MLA501406143,MLA497038913,MLA498516838,MLA499115251,MLA494150833
MLA30987,MLA499865668,MLA495071602,MLA488817129
MLA74002,MLA500732502
MLA47783,MLA500992395,MLA498027238,MLA498526460,MLA496740622,MLA498723347,MLA498725223,MLA494382377,MLA500968187
MLA120813,MLA493835047,MLA501353038,MLA500195687,MLA498432197
MLA47780,MLA493806173,MLA498526459,MLA497820212,MLA496739998,MLA498612126,MLA498057474,MLA498612224,MLA501621267,MLA499365243,MLA499907201,MLA499365234,MLA494384502
MLA47781,MLA501004331,MLA500707209,MLA496738973,MLA494433239,MLA496739983,MLA498223750,MLA498207840,MLA501339779,MLA498526430,MLA494365854,MLA496738995,MLA499416668,MLA496738997,MLA500576816,MLA494216030,MLA498027244,MLA500529720,MLA497795521,MLA494766091,MLA496738994
MLA9729,MLA498519996,MLA496219825
MLA12848,MLA491757964
MLA9727,MLA496930172,MLA491174681
MLA88323,MLA499789711
MLA76143,MLA497229704
MLA76140,MLA496360829
MLA66239,MLA498879806
MLA70478,MLA498029247
MLA66238,MLA498880121,MLA499953284,MLA500125106,MLA497638988,MLA500125126,MLA497195378,MLA501023841,MLA500819153
MLA66237,MLA496120531,MLA497738728
MLA76137,MLA501415019,MLA498650325,MLA494769443,MLA500180911,MLA496694375
MLA12065,MLA498568156,MLA499315254,MLA498837907,MLA494577155,MLA494150239,MLA498839332,MLA495971882
MLA76139,MLA500198204
MLA10457,MLA500822687
MLA12064,MLA494456724
MLA76135,MLA493832054,MLA495590787,MLA493948250
MLA12063,MLA498231834
MLA30975,MLA500792771
MLA9997,MLA501061538,MLA501374070,MLA489603328
MLA30977,MLA501527279,MLA501523801,MLA501530429
MLA31044,MLA495977542,MLA495977573,MLA495977613,MLA499476980,MLA497296351
MLA5924,MLA500533176,MLA500677556,MLA495908276,MLA496467377,MLA496048748,MLA500686571
MLA24622,MLA496106690
MLA66464,MLA498958574,MLA500256716,MLA493727765,MLA501192095,MLA497209154,MLA499098017,MLA498247190,MLA498566955
MLA10067,MLA489930101,MLA497938780,MLA495075382
MLA70485,MLA494299901
MLA47790,MLA496091439,MLA494445634
MLA120820,MLA495516925,MLA495637601,MLA493917105,MLA494789229,MLA494066384,MLA497208893,MLA500688352,MLA496533783,MLA495812815
MLA70482,MLA494629215
MLA31040,MLA496254638,MLA500292145,MLA494124253,MLA496431721,MLA500295430
MLA125235,MLA498228147
MLA76130,MLA495427540
MLA70487,MLA499582023,MLA497056121
MLA37172,MLA500823365,MLA500536085,MLA500587317,MLA497096455,MLA495069815
MLA66253,MLA499036153,MLA496817375,MLA496465455,MLA497004206
MLA73324,MLA498534431,MLA494585218,MLA500587110,MLA496465879,MLA501343202,MLA499582024
MLA41133,MLA498473715,MLA498473716,MLA498473729,MLA497901636,MLA498473723
MLA120402,MLA495227913,MLA490858166
MLA6749,MLA495201659
MLA40003,MLA500593002,MLA497383953,MLA500551152,MLA497299531,MLA497384354
MLA6748,MLA500506869
MLA66631,MLA500105363
MLA31033,MLA498029228
MLA31036,MLA501371427
MLA47769,MLA498837913,MLA498719847,MLA498528526,MLA498105162,MLA495375692,MLA496505481,MLA498839335,MLA497738721,MLA495493182,MLA498837921,MLA501023844,MLA494308157
MLA10072,MLA495065977
MLA9986,MLA500777355,MLA501413963
MLA31035,MLA496813150,MLA501384607,MLA501468056,MLA494263925,MLA498528531,MLA497789738,MLA496341333,MLA501280131,MLA498526457,MLA498526437,MLA495777700,MLA500376819,MLA497787634,MLA499261543,MLA499800502,MLA501097152,MLA501523476,MLA497498888,MLA501097303
MLA9996,MLA500047610,MLA500035782,MLA500536083
MLA9994,MLA499242276
MLA31032,MLA497920452,MLA496909197
MLA9992,MLA495716263,MLA498724367,MLA495473995,MLA495974052,MLA498723891,MLA494028772,MLA495473884,MLA496711756,MLA498723666,MLA496659669,MLA496659709
MLA47760,MLA495514180,MLA499569399,MLA494839036,MLA499569397,MLA500816313,MLA486854334,MLA498841004,MLA490651912,MLA496914500,MLA498322351,MLA499595102,MLA495258426,MLA498832284,MLA498100756
MLA70456,MLA498514104,MLA494299959
MLA70455,MLA498030488
MLA10483,MLA496942322
MLA70458,MLA499184200,MLA498472935
MLA21083,MLA495103058
MLA21086,MLA496926036,MLA497861971,MLA497860283,MLA498725691,MLA496063295,MLA496063222
MLA60566,MLA494320427,MLA498585772,MLA498240943,MLA498029249
MLA30990,MLA500984463
MLA66260,MLA498297425
MLA10474,MLA498473725
MLA73677,MLA497941167,MLA496122390,MLA499617296,MLA499153509,MLA494376938,MLA495946842,MLA495233838,MLA496122178,MLA500863782,MLA496231494,MLA499617300,MLA500116370,MLA500863780,MLA496122166,MLA495946849,MLA497941151,MLA496122213,MLA497941158,MLA499153506,MLA496122216
MLA30992,MLA497296526,MLA493762963,MLA493763053,MLA493762991
MLA92502,MLA498067403,MLA496074505
MLA73674,MLA498763852,MLA495233725,MLA500863779
MLA37169,MLA495092197,MLA495104533,MLA496216681,MLA497605231,MLA495782183,MLA496326004
MLA73673,MLA499591508,MLA495233659
MLA47777,MLA494993306,MLA498341697,MLA500595725,MLA499846147,MLA500446918
MLA10084,MLA496122204
MLA73672,MLA500863788
MLA47779,MLA496738987,MLA496738977
MLA9975,MLA499401921
MLA92501,MLA497630620,MLA494993305,MLA499639290,MLA487348232,MLA498187117,MLA499949309
MLA4640,MLA500868113
MLA63882,MLA493564894
MLA67107,MLA496767940,MLA498580550,MLA494233414,MLA495604282,MLA496463738,MLA501389427
MLA66448,MLA499124197,MLA497023646,MLA495707621,MLA501191891,MLA494208449,MLA496713919
MLA86375,MLA496739977,MLA496738979
MLA70463,MLA496877699
MLA70465,MLA495234169,MLA496932465
MLA12851,MLA497468426,MLA499082177,MLA500003402,MLA498858206
MLA12049,MLA495912419,MLA494446631,MLA493930015,MLA495912290,MLA495912240
MLA125418,MLA497101923,MLA498030705,MLA497291420
MLA57495,MLA500686028,MLA498837900
MLA57497,MLA493566513,MLA493531563
MLA72561,MLA493762342
MLA36480,MLA495238864,MLA500706135
MLA57494,MLA495226779,MLA499364569,MLA501091689
MLA125410,MLA496216371
MLA31808,MLA496909022
MLA88493,MLA498434862
MLA120357,MLA498839317
MLA10553,MLA498233701,MLA498839314,MLA500078968
MLA4253,MLA501385497
MLA88297,MLA499788654
MLA30950,MLA496122180,MLA499617284,MLA496942305
MLA10559,MLA500437811
MLA73536,MLA495228251
MLA72956,MLA498839325,MLA496467379,MLA495648898
MLA30958,MLA493763029,MLA493763041
MLA30216,MLA498540470
MLA125408,MLA495393365
MLA125407,MLA497956090
MLA45989,MLA500200994
MLA36475,MLA500686574,MLA496511904
MLA86730,MLA500824887
MLA86731,MLA500987599,MLA499716674,MLA495123275
MLA10569,MLA500529724
MLA86732,MLA495000617
MLA30965,MLA492668103,MLA497215250,MLA495953097,MLA499730101,MLA487820317,MLA495076315
MLA30967,MLA500438056
MLA12070,MLA500197744
MLA30966,MLA501467800
MLA30968,MLA495777761
MLA72584,MLA496703968
MLA95009,MLA497085737,MLA497635545,MLA498433417
MLA72581,MLA494839708,MLA498589381,MLA497926311,MLA498858439,MLA496571329,MLA493687468,MLA495782085
MLA126442,MLA495091928
MLA92638,MLA500539217
MLA30042,MLA498068165,MLA498723348
MLA125437,MLA499514729,MLA498240680,MLA500686575
MLA66321,MLA496739975
MLA95005,MLA498598050
MLA12791,MLA497791775,MLA487333660
MLA30048,MLA501373742
MLA37750,MLA494591096,MLA498483233,MLA501378927,MLA500754267
MLA30046,MLA500539193
MLA87201,MLA492443983
MLA30043,MLA500822383,MLA500822390,MLA497334128,MLA500822389
MLA86729,MLA498383888,MLA496735249,MLA499238193,MLA499238209
MLA86079,MLA501467928
MLA86726,MLA497011140
MLA126439,MLA495092651
MLA86724,MLA498879504,MLA488879339
MLA126438,MLA500697890
MLA3659,MLA497333996
MLA125428,MLA500154054
MLA37749,MLA489834443,MLA501007043,MLA501499029
MLA87860,MLA500881246,MLA500881247,MLA496896904,MLA496287034,MLA496128141,MLA498757952,MLA496132864,MLA496127856,MLA494445294,MLA498169511,MLA500997874,MLA498757959,MLA499043458
MLA95841,MLA489215247,MLA495091854
MLA72577,MLA494851231,MLA497708240
MLA87215,MLA492545796
MLA30039,MLA501272302
MLA44407,MLA489620086,MLA494239172
MLA73540,MLA496595233
MLA81484,MLA487527756
MLA24128,MLA499284056
MLA42595,MLA496222576,MLA499075856
MLA65838,MLA500055890
MLA37916,MLA501023836,MLA496122235,MLA493806155
MLA65839,MLA498603893
MLA8292,MLA498221065,MLA494478530
MLA9158,MLA497689130,MLA495372162
MLA81238,MLA500529716
MLA72710,MLA493684810,MLA500822689
MLA24131,MLA496373716,MLA496369822,MLA496370062,MLA496371718
MLA18212,MLA498836795
MLA126463,MLA500703907,MLA499401424,MLA499405634,MLA500776075
MLA72711,MLA496113202,MLA500805302
MLA90299,MLA493694919
MLA37913,MLA497638961,MLA498879802,MLA498233915,MLA498483238
MLA37912,MLA498851331,MLA498825884,MLA494384506
MLA5156,MLA494762223,MLA497333413,MLA498036750,MLA500547032,MLA498063821,MLA500828186,MLA495086856,MLA498994931,MLA501341328,MLA500830365,MLA500830368,MLA498713109,MLA500828757,MLA500828754,MLA495918540,MLA501363184
MLA47815,MLA498879822,MLA495052949,MLA495107484,MLA498705551
MLA44411,MLA498029244
MLA42583,MLA500245195
MLA47813,MLA497871152
MLA47811,MLA494433243,MLA498526434,MLA494757279,MLA501002905,MLA499535306,MLA498220671
MLA5151,MLA493797917,MLA498041340,MLA493797940,MLA498050266
MLA44413,MLA501343584
MLA11239,MLA498858872,MLA498567430,MLA494864300,MLA495913330,MLA496451087
MLA11237,MLA495082623,MLA499617288,MLA495912713,MLA496122211,MLA499617268
MLA11238,MLA498202418,MLA495911876,MLA501220688,MLA497608557,MLA496935310,MLA496451053
MLA47816,MLA500728119,MLA500694181,MLA500083838
MLA48184,MLA498717389,MLA498183568,MLA493695889,MLA498717391,MLA494095185,MLA498717390,MLA498717384,MLA498717385,MLA493695890
MLA37908,MLA496423956,MLA496740379,MLA501014224,MLA498825897,MLA501014225,MLA501014226
MLA34200,MLA494377864,MLA495731615
MLA65824,MLA498100746
MLA65825,MLA498027242,MLA496738984,MLA494464841,MLA496738972
MLA48185,MLA498708188
MLA90693,MLA499920969,MLA498836882,MLA495699855,MLA494443208,MLA500587323,MLA498473728,MLA498837922
MLA72717,MLA500822688,MLA495185957,MLA495709852,MLA494596819,MLA494578291
MLA105385,MLA500504751,MLA498864799,MLA498864955,MLA499591733
MLA42578,MLA500930364,MLA495781358,MLA495224574,MLA495744294,MLA495354770,MLA500418236
MLA32238,MLA498837901,MLA499126886,MLA500849242
MLA90698,MLA500587320
MLA32237,MLA499151168,MLA498839327
MLA112497,MLA494491182
MLA90696,MLA495699869
MLA90695,MLA500686573
MLA47808,MLA494465441,MLA497105843
MLA90694,MLA495349869
MLA48892,MLA492667448,MLA501065276,MLA498593789,MLA500008458,MLA500712516,MLA499617835,MLA491501133,MLA500712880,MLA489801109
MLA6177,MLA494360602
MLA95044,MLA500823456
MLA45977,MLA498443374
MLA48895,MLA496122196
MLA95048,MLA497860877
MLA65851,MLA497758189,MLA495953749,MLA494839058,MLA500857589
MLA65855,MLA497949649
MLA22288,MLA496765228,MLA499416216
MLA73513,MLA497812507,MLA498473719
MLA73515,MLA501471614
MLA48899,MLA495918543,MLA495918539,MLA494570436,MLA497333415
MLA48897,MLA500508032
MLA73510,MLA498234987,MLA499568672,MLA498837916,MLA496451242,MLA493801445
MLA37512,MLA495169842,MLA495169852,MLA497546453
MLA37513,MLA495103000,MLA497562650
MLA120347,MLA493282807
MLA81240,MLA500529715
MLA65846,MLA499569401,MLA498577168
MLA65849,MLA494948699,MLA496914616
MLA72534,MLA498874484,MLA500099943,MLA494209263
MLA15112,MLA500529714
MLA5159,MLA493689905,MLA494305760,MLA495951621,MLA495335763,MLA496766429,MLA496703960,MLA500673867,MLA495951625,MLA496473914,MLA496766424,MLA495951624,MLA497103147,MLA499624878,MLA498473356,MLA496052982,MLA500945830,MLA494210687,MLA500673861
MLA45969,MLA498207259,MLA500877430,MLA497558261,MLA494673664,MLA495433210,MLA495760663,MLA493711760,MLA499995151,MLA494754405,MLA496050669,MLA500732495,MLA497366066,MLA498207484,MLA500774515,MLA497244475
MLA65844,MLA497047639,MLA498526455,MLA496120551
MLA73508,MLA494706561,MLA499439586,MLA498295560,MLA496751657
MLA2860,MLA496122195,MLA495946898,MLA496122200,MLA495946880
MLA111940,MLA495329979
MLA73507,MLA495341957,MLA494613146,MLA494616006,MLA495238887
MLA40696,MLA498473730,MLA497879088
MLA87257,MLA490051541
MLA96592,MLA496324418
MLA122154,MLA496516957,MLA496097221,MLA494876020,MLA493917146
MLA91713,MLA500964485,MLA500587322,MLA493778150,MLA500686572
MLA31350,MLA494609197,MLA498029257
MLA91712,MLA499554043,MLA495908275,MLA493774615
MLA9312,MLA498526454
MLA91710,MLA497853900,MLA497123608,MLA493825156
MLA9314,MLA499846163,MLA501019910
MLA22261,MLA500003575
MLA22265,MLA495612001
MLA1716,MLA496123249,MLA499234680
MLA83410,MLA500594170
MLA1717,MLA500574240,MLA496335981
MLA9307,MLA500850054,MLA493798302,MLA494239137,MLA495929554,MLA498057035,MLA498047019,MLA500855489,MLA493695473,MLA498041967,MLA497916737,MLA496203200,MLA500847527,MLA495326760,MLA500837814,MLA494239050,MLA493798122,MLA495619648,MLA493798106,MLA500854513,MLA495619733,MLA493797969,MLA493797979
MLA91703,MLA493776524
MLA91709,MLA500104238,MLA498857363,MLA500491868,MLA494026263
MLA31356,MLA498185919,MLA497437643
MLA37526,MLA496144646,MLA496493166
MLA37525,MLA498059874,MLA494644358
MLA84544,MLA499144805,MLA497108356
MLA48889,MLA501361459,MLA498853532,MLA495086862,MLA498037196,MLA500019194,MLA497332161
MLA48887,MLA501023843
MLA48886,MLA498063280,MLA496058887,MLA499271603
MLA23380,MLA493764921,MLA493770752,MLA496753744,MLA493763758,MLA493775766,MLA493768550,MLA493764714,MLA494157126,MLA493774618,MLA493766127,MLA493763162,MLA493762684,MLA493762260,MLA500517987,MLA494205066,MLA500046226,MLA494607778,MLA496754578,MLA493762978,MLA493767859,MLA494156164,MLA493767451
MLA84545,MLA495395905,MLA493566381,MLA492574030,MLA498220858,MLA491757975
MLA84548,MLA499623056,MLA498839323
MLA95463,MLA496451077,MLA496451256
MLA78321,MLA498036930
MLA90269,MLA499962627,MLA498477092
MLA1594,MLA495349453,MLA496707455,MLA500828743
MLA36815,MLA494758068,MLA487379055,MLA499890661,MLA496244053,MLA495237261
MLA48884,MLA498029219
MLA31342,MLA498108813,MLA493821675
MLA24375,MLA499586833,MLA498837897
MLA31373,MLA498512298,MLA497296254,MLA497296104,MLA495977503,MLA500792421
MLA91732,MLA498029252,MLA498849851
MLA84554,MLA494027987
MLA95082,MLA498846898
MLA119287,MLA496122185,MLA497941155,MLA496122181
MLA84553,MLA498837912,MLA498236326
MLA23376,MLA494319047,MLA496759838,MLA501567818,MLA494322194,MLA494320345,MLA494320944,MLA497311281,MLA494321231,MLA494355244
MLA117111,MLA501469078
MLA74603,MLA494341419,MLA496648142,MLA500037705,MLA497408108
MLA1585,MLA495716562,MLA500998224,MLA495404386,MLA496659686,MLA494707198,MLA498724192
MLA33433,MLA500590330
MLA1584,MLA499664989,MLA496902070,MLA500171441,MLA496659643,MLA496659567,MLA496227118,MLA498723991,MLA495473706,MLA498723111
MLA23378,MLA494309232,MLA500079712,MLA500079889
MLA74883,MLA500379107,MLA493927710
MLA122140,MLA498432168
MLA95088,MLA501402314,MLA500651578
MLA91729,MLA498964480,MLA500154088
MLA34294,MLA497941160,MLA496942304
MLA31376,MLA493763084
MLA44675,MLA494219799
MLA14452,MLA499045472
MLA122142,MLA499197356
MLA95095,MLA494376932
MLA48869,MLA496193159,MLA498753281,MLA499621351,MLA497936135,MLA495949256,MLA497166553,MLA489355827,MLA489794460,MLA494323733,MLA494157050,MLA495042557,MLA501405618,MLA491722468,MLA489794348,MLA494322012,MLA498516835
MLA48868,MLA493789012,MLA498976714
MLA22232,MLA493752628,MLA496064297,MLA493753256,MLA496762065,MLA493758602,MLA493757307,MLA493753523,MLA493759118,MLA495327443,MLA500719997
MLA22231,MLA500705603,MLA494559788
MLA18205,MLA497811305
MLA22233,MLA494457310
MLA91718,MLA496203094,MLA494866063,MLA495255704,MLA498029230,MLA499302904,MLA493801450,MLA498792972
MLA44876,MLA499195986,MLA498792223,MLA500529719
MLA31369,MLA494210992,MLA496703961
MLA9318,MLA500446928,MLA501391785,MLA501019553
MLA125638,MLA498739959
MLA125841,MLA500831713
MLA1366,MLA501529634
MLA14443,MLA490313178,MLA488247490
MLA125846,MLA498604179
MLA11032,MLA500626304,MLA498007792
MLA11033,MLA500485344,MLA498471511,MLA500147891,MLA500450562
MLA74622,MLA494345515,MLA487975869
MLA11036,MLA498713433,MLA498723340
MLA4206,MLA493887696,MLA497307457,MLA495967701,MLA494699973,MLA495591055,MLA496774071,MLA495949178,MLA498975645,MLA493413751,MLA498092061,MLA499763175,MLA500835201,MLA496557939,MLA491633492,MLA499278285,MLA495223737,MLA496235158,MLA500300420,MLA494699965,MLA488459666
MLA125649,MLA496037403
MLA34277,MLA499940332,MLA494910517,MLA499938370,MLA497048619,MLA495256045,MLA499929239,MLA497048611,MLA494039487,MLA499933555,MLA494910511,MLA494172543,MLA494910514,MLA499937427,MLA499252846,MLA494910509,MLA494777042,MLA498846886,MLA495595102,MLA499937127,MLA499936166,MLA499937933,MLA495781237,MLA499939026,MLA495257182,MLA496290303,MLA495257864,MLA495781484
MLA34271,MLA499308404
MLA125642,MLA497287545,MLA498975978,MLA500687253
MLA125643,MLA498450463,MLA494450750,MLA495317636,MLA495222980,MLA501073943
MLA1371,MLA499617297,MLA495946902,MLA497454436,MLA500863775,MLA496122191,MLA500863774,MLA499061990
MLA125640,MLA501518181,MLA498883937,MLA499125720,MLA495922172,MLA499620039,MLA500938796,MLA498614139,MLA499625021
MLA74612,MLA493235533,MLA496767276,MLA498306731,MLA495082768,MLA492522493
MLA81421,MLA500710742
MLA120798,MLA493851988
MLA74616,MLA495301082,MLA498471519,MLA500450583,MLA495300799,MLA500450546,MLA495302428,MLA495158174,MLA495301114,MLA495300552,MLA495300517,MLA500450563,MLA495179549,MLA495300254,MLA495301222,MLA496648128,MLA495300615,MLA499602469,MLA500037712,MLA497536692,MLA498471514,MLA498471515,MLA495302269,MLA495300355
MLA14430,MLA489379563,MLA498708796,MLA499164187
MLA7494,MLA494354785
MLA34282,MLA495103241,MLA498037651,MLA498037482
MLA1360,MLA497454441,MLA495946862
MLA69563,MLA500945837,MLA501257448,MLA496703967,MLA497878307,MLA499743445,MLA498849726,MLA497878309,MLA496703962,MLA497307993,MLA500814057,MLA497878310,MLA495851855,MLA494480012,MLA496196000,MLA500814050,MLA500814045,MLA500814052,MLA500814046,MLA500814051
MLA69562,MLA500606994,MLA497909148
MLA69564,MLA501257450
MLA8229,MLA494758063
MLA69561,MLA493776391,MLA500945831,MLA500945832,MLA500945833,MLA500945834,MLA501257441
MLA1165,MLA495639150,MLA501298428,MLA495946864,MLA494376949,MLA501141116,MLA498567039,MLA499617283,MLA501106214,MLA501141151,MLA495722992,MLA496122188,MLA495723460,MLA496291186,MLA496393975,MLA497363431,MLA495761295,MLA498471953
MLA5361,MLA499686903,MLA493905374
MLA5363,MLA498898869,MLA491583294
MLA31335,MLA499476789,MLA493762867,MLA497296227,MLA500792464,MLA500792598
MLA4757,MLA498303985,MLA498839336,MLA500789702
MLA22205,MLA501558029,MLA499514321,MLA499603062
MLA22206,MLA500992408
MLA90239,MLA499613132
MLA69567,MLA496122202,MLA496122203,MLA494376919
MLA1944,MLA499365251
MLA1948,MLA499365860,MLA494381510,MLA499365867
MLA11045,MLA501607794
MLA57504,MLA501343213,MLA497888791,MLA499582032,MLA497812508,MLA496345685
MLA5375,MLA494351011,MLA493809107
MLA57505,MLA496767896,MLA494490741,MLA495969862,MLA494585039,MLA500947860,MLA500971962,MLA500533466,MLA495485649,MLA499582028,MLA496911818,MLA499020627,MLA495921126,MLA498534430,MLA501399442,MLA500825748
MLA57506,MLA497889287,MLA500680521,MLA501337167
MLA64316,MLA501536672
MLA1162,MLA494915243,MLA497353237,MLA494401779,MLA498839321,MLA494259486
MLA1163,MLA496965008
MLA92202,MLA498473727,MLA497879934,MLA497812509,MLA498473722
MLA90249,MLA496122171,MLA498231038
MLA49516,MLA494139665
MLA121023,MLA495232568,MLA497120722,MLA496396097
MLA121021,MLA500900156,MLA500611006,MLA500610922,MLA495524658,MLA495052346,MLA494480963,MLA492951406,MLA500870993,MLA493763678,MLA501378833,MLA498856886,MLA497299843
MLA121026,MLA499405314
MLA101452,MLA493635150
MLA73011,MLA497055739,MLA498216224,MLA497886167,MLA493833597,MLA498534428,MLA495604376
MLA73948,MLA501527974,MLA498924455,MLA496905815
MLA16547,MLA495258427,MLA494769314
MLA79240,MLA499365260
MLA73947,MLA501405811,MLA500951012,MLA492803300
MLA73945,MLA494988415,MLA493769867,MLA498537257,MLA500732493,MLA496933908,MLA493086753,MLA500732230,MLA496034767,MLA499964661
MLA73943,MLA497608501,MLA496243089
MLA101459,MLA500566752
MLA73942,MLA496878531
MLA73941,MLA496735321,MLA493774905
MLA74532,MLA495329311,MLA496487075,MLA500379459
MLA60635,MLA499949304,MLA496342613
MLA74531,MLA494601390
MLA79247,MLA498240546
MLA57521,MLA494744941
MLA91787,MLA496894317
MLA16543,MLA500032347,MLA495628244,MLA496789047,MLA498313712,MLA500685402,MLA497039336,MLA496974937,MLA497360388,MLA495922357
MLA7570,MLA492053226,MLA499537219,MLA498796726,MLA497369414
MLA74539,MLA494344661,MLA501373745
MLA125581,MLA499635671
MLA57529,MLA500958557
MLA74536,MLA499174875
MLA74535,MLA498723345,MLA495200535
MLA125580,MLA499634716,MLA490793346,MLA499781526,MLA499278398,MLA494993303,MLA499056076,MLA499963021
MLA3247,MLA497375661,MLA498526450
MLA74537,MLA498029236,MLA497329483,MLA496229646,MLA494740225,MLA500828758,MLA498067703,MLA498723343,MLA495356519
MLA73951,MLA494948452,MLA498469687,MLA496735196,MLA495383853,MLA497608455,MLA495123581,MLA501426540,MLA493770070,MLA495912618,MLA496932873,MLA497240211,MLA497366096
MLA29309,MLA496290307,MLA496290309,MLA498601051,MLA498717225,MLA497770661,MLA495781407,MLA496225023,MLA501402996,MLA499545166,MLA497941719,MLA495193706,MLA498060675,MLA500245197,MLA493996898,MLA500628838,MLA495595100,MLA495351449,MLA495053118,MLA496562349,MLA500245199,MLA496290306,MLA499252852,MLA493996906,MLA501077193,MLA493925232
MLA73950,MLA496966099
MLA121034,MLA495384422,MLA500525096,MLA496118211,MLA498795495,MLA500525078,MLA497952478,MLA499005452,MLA497969608,MLA497348948,MLA501375897,MLA498825898,MLA496229065
MLA125569,MLA500096514
MLA121036,MLA497250763,MLA500071664,MLA497119132,MLA497244947,MLA496863867,MLA500097778
MLA121039,MLA498825896,MLA500823042
MLA126036,MLA498747970,MLA498896808,MLA501094037,MLA501093940
MLA73956,MLA499949319,MLA496786594,MLA498584388,MLA496916644,MLA497243855,MLA501244384,MLA496811038,MLA487938730,MLA500732500,MLA500274170,MLA496935258
MLA73959,MLA496303583,MLA496964192,MLA501525873
MLA126038,MLA496231815
MLA73953,MLA497199520,MLA497261729,MLA498613517
MLA27814,MLA496283802,MLA493711777,MLA495493698,MLA495865613,MLA500877463,MLA498567201,MLA496970688,MLA495494056,MLA500732499,MLA496993356,MLA493711736,MLA500732330,MLA496050891,MLA499182473,MLA495082582,MLA496253909,MLA501364324,MLA495394804
MLA73952,MLA497085636,MLA498530032,MLA495384194,MLA496061216,MLA494945540
MLA74545,MLA500829105
MLA58629,MLA495968105
MLA74543,MLA495619731
MLA94982,MLA490822858,MLA490822865,MLA499962629,MLA495557195
MLA74542,MLA495200537,MLA499929301,MLA494344659,MLA500833041,MLA501373746,MLA500833045,MLA500833954
MLA37082,MLA496090953
MLA91795,MLA494856865,MLA496763689,MLA495966032,MLA494927214,MLA498029240,MLA498964482
MLA115503,MLA496740384
MLA13459,MLA495469645
MLA94776,MLA495965939
MLA37080,MLA501000475
MLA66723,MLA500741172,MLA496807131
MLA91790,MLA498029253,MLA496203187,MLA496884285,MLA500706630,MLA498029239
MLA3235,MLA496478028,MLA501363283,MLA497216588,MLA494471063,MLA500828759,MLA501527948,MLA498718932,MLA495358046,MLA495212827,MLA500834437,MLA497329478,MLA498719317,MLA500833265,MLA501527920,MLA500833152,MLA497422176,MLA495346208,MLA498067627,MLA498713107,MLA493778014,MLA497334129,MLA494062943,MLA501363183
MLA37088,MLA498887871
MLA58628,MLA499582029
MLA74546,MLA500830367,MLA497329482,MLA495200534,MLA497153535,MLA494761797,MLA498713103,MLA494761794,MLA500833047,MLA500533020,MLA494471070
MLA58627,MLA497812511
MLA58630,MLA495642558
MLA82490,MLA494739217
MLA49536,MLA500446894
MLA8322,MLA493992878
MLA49535,MLA495722087,MLA498060674,MLA500823136
MLA73035,MLA497889288,MLA496965941,MLA497889284,MLA496219789
MLA27827,MLA494576099
MLA79223,MLA498528540,MLA498528533
MLA4789,MLA496478779,MLA495946845,MLA500863783
MLA73926,MLA498870583,MLA498769463,MLA498892747,MLA498202366,MLA498879382
MLA43667,MLA499646129
MLA73923,MLA496936032
MLA126026,MLA493824351
MLA79229,MLA498664090,MLA498664098,MLA494409343
MLA126032,MLA490789962
MLA79227,MLA492070776,MLA498526448,MLA496739984
MLA94994,MLA498207548,MLA498458182
MLA79226,MLA500684579
MLA94997,MLA495082218
MLA49531,MLA497059415,MLA496499208,MLA499603063,MLA496502643,MLA496500844
MLA49532,MLA493994533,MLA495389083,MLA500551175
MLA120776,MLA499091237,MLA499365254,MLA496858594
MLA26977,MLA497048622,MLA497941723,MLA498601050,MLA497048618,MLA498612537
MLA49526,MLA494108420
MLA79231,MLA494763554,MLA499191812
MLA79232,MLA494379521,MLA498664102,MLA494381508,MLA496739978
MLA57553,MLA496192733
MLA73935,MLA501250197,MLA501437837
MLA67459,MLA496174841
MLA73934,MLA499701955,MLA500732497,MLA494993312,MLA494993313
MLA82931,MLA496820162,MLA494224273,MLA495886785
MLA7040,MLA498079153,MLA500387959,MLA500387966,MLA498798082
MLA79230,MLA497313535,MLA496858371,MLA495499261,MLA495502871,MLA493729850,MLA499907199,MLA501218641,MLA498483227,MLA499365257,MLA500819151
MLA1126,MLA494761791
MLA43476,MLA497313771
MLA79239,MLA494763088,MLA496738969
MLA79236,MLA496739981,MLA496739982,MLA499365256
MLA121828,MLA500285698
MLA82927,MLA501460357,MLA493774157,MLA498395727
MLA82926,MLA497926494,MLA497350498,MLA498395626
MLA125591,MLA499267388
MLA36881,MLA491757961,MLA486806219,MLA493558533,MLA500074185
MLA8309,MLA496908979,MLA493911895
MLA109391,MLA499625614
MLA109390,MLA496746323
MLA3003,MLA490781787,MLA490781783
MLA7037,MLA498029224,MLA498029232
MLA32198,MLA499567107,MLA494306589,MLA488903985,MLA498708903,MLA489140862,MLA493940275,MLA500805568,MLA490313186,MLA497227091,MLA498220769,MLA499890660,MLA499889828,MLA489140870,MLA499466435,MLA492408076,MLA488459624,MLA494853966,MLA490299756,MLA493413790
MLA58651,MLA493196314
MLA62640,MLA498851267
MLA120710,MLA501124056
MLA10110,MLA496431810
MLA119038,MLA500075057
MLA119039,MLA500705599
MLA73706,MLA499398633,MLA500677050,MLA496909280,MLA498849865,MLA500379672,MLA496908750
MLA121472,MLA499285564,MLA494199370
MLA73914,MLA501587852,MLA498236234,MLA499845054,MLA498457962
MLA57575,MLA493135276
MLA49547,MLA501272495,MLA497630622,MLA497752619,MLA498202743
MLA97767,MLA497090131,MLA498477089,MLA494758056,MLA494474329
MLA36863,MLA498211019,MLA501540721,MLA496761314
MLA36866,MLA491438222
MLA49541,MLA500732186,MLA499577899
MLA94946,MLA499364574
MLA95553,MLA501385697
MLA94941,MLA494223415
MLA95555,MLA495351792
MLA14147,MLA487992732,MLA495000619
MLA44292,MLA496120550,MLA496242375,MLA498233894,MLA500595724
MLA3000,MLA499299146,MLA493801456,MLA493801425
MLA95554,MLA500099609
MLA94942,MLA498707693,MLA496443955
MLA74587,MLA499477105
MLA101209,MLA499617280,MLA497941162
MLA73713,MLA497776245
MLA73712,MLA496463340
MLA36838,MLA496930842
MLA74796,MLA494674749
MLA74590,MLA499184101
MLA57581,MLA498839320,MLA498539694
MLA126272,MLA501086602
MLA62664,MLA495424973
MLA121047,MLA500742768,MLA495427112,MLA495430914,MLA498879991,MLA496842173,MLA497347757,MLA496131547,MLA501397960,MLA497925813,MLA500721862,MLA497155285
MLA32663,MLA497409409,MLA500133730,MLA497409446,MLA497408962,MLA497409526,MLA500137410,MLA498471513,MLA500135699,MLA497409302,MLA495998696,MLA496031137
MLA7932,MLA495356041,MLA494221136,MLA496627036
MLA94954,MLA497767742,MLA498000063
MLA82451,MLA492412174,MLA496928476,MLA493244648,MLA497548297,MLA495376359,MLA489839902,MLA489839873,MLA496752016,MLA492561009,MLA494026266,MLA499962625
MLA120732,MLA496678890,MLA501123914,MLA496678754,MLA496678812
MLA49574,MLA500595727,MLA498030484,MLA500595728,MLA498030483,MLA494352847,MLA498526456,MLA500153952,MLA498483219
MLA82450,MLA500533170
MLA94956,MLA499775433
MLA94955,MLA498836700,MLA497688480
MLA7937,MLA494026260,MLA497090137
MLA41421,MLA497776018,MLA495408335,MLA495408305,MLA497776083,MLA497883705,MLA497879689,MLA497873863,MLA497776168
MLA36844,MLA495908294,MLA493761863,MLA498544859,MLA493762937,MLA495069814,MLA498837920
MLA10104,MLA498816032,MLA498026459,MLA487587500,MLA487405262,MLA493641730,MLA494222509,MLA499730100,MLA498575094,MLA490783866,MLA495077125
MLA3014,MLA495224566
MLA94963,MLA497886429
MLA121060,MLA495300497,MLA501015198,MLA500688292,MLA497045590,MLA498652551,MLA501384353
MLA94962,MLA494875757
MLA94964,MLA495265661,MLA500098226,MLA495133225
MLA119831,MLA497812504
MLA7287,MLA496768563,MLA496067828
MLA28114,MLA496596248,MLA498986920,MLA498140654,MLA500778416,MLA498566468,MLA501149273,MLA494921764,MLA494542792,MLA497450864,MLA495771153,MLA498487048,MLA495706989,MLA501191255,MLA494336222,MLA494921728,MLA501147940,MLA498327778,MLA494921827
MLA6440,MLA494172535
MLA3434,MLA497339265,MLA494376903,MLA499617312
MLA28149,MLA496429836
MLA32155,MLA493135272,MLA495204485,MLA500512159
MLA86029,MLA498322913
MLA31765,MLA494376920
MLA32158,MLA492545836,MLA489888088,MLA498218740,MLA491757969,MLA494168651,MLA494600827,MLA495091674,MLA490313177,MLA489099811,MLA495091745,MLA490051209,MLA488247112,MLA486851027,MLA495104802,MLA492569113,MLA491234333
MLA86025,MLA498597951,MLA498225272,MLA493811756,MLA498229843,MLA498837905,MLA501494955
MLA70373,MLA497812522
MLA30096,MLA498038144,MLA496480422,MLA498542853,MLA494761793,MLA495471884,MLA500833527,MLA500828756,MLA501418459,MLA495047235,MLA497329475
MLA30097,MLA495329425,MLA497333414,MLA498873950,MLA500552709,MLA500835132,MLA495103240,MLA494333111
MLA21884,MLA497562481
MLA49307,MLA501068920,MLA498232979
MLA126254,MLA498837093
MLA82401,MLA494170034,MLA493940167,MLA488341727,MLA494165132,MLA487379257,MLA498709841
MLA82402,MLA500062802,MLA489408761,MLA495092300
MLA90966,MLA495001485,MLA498067405,MLA499963532,MLA493237816,MLA487348074
MLA82407,MLA493135274
MLA126238,MLA501577358
MLA32207,MLA496773289,MLA501339785,MLA493877225
MLA9817,MLA500578407,MLA497314602,MLA498837898,MLA494108069
MLA86292,MLA498791524,MLA500732507,MLA498207410,MLA500732513,MLA501335531,MLA495273911,MLA497433840,MLA498202263,MLA499232502,MLA501552931,MLA498537439,MLA496744506,MLA498419843,MLA496904642,MLA495271568
MLA93443,MLA499616431,MLA497859179
MLA24054,MLA499315416,MLA499312683,MLA494307906,MLA494311673,MLA494310047
MLA86297,MLA501112564
MLA9614,MLA497356764
MLA46312,MLA501379280,MLA501379779
MLA46318,MLA500844873,MLA494437172
MLA46319,MLA497101897,MLA494344658,MLA498713434,MLA498713108,MLA496779883,MLA496779884,MLA498569433,MLA493999030,MLA498036650
MLA6424,MLA497361137
MLA46317,MLA495408510,MLA500995187,MLA495408431
MLA73721,MLA496463525
MLA121497,MLA498237350
MLA95333,MLA498029248
MLA125102,MLA498231327
MLA22640,MLA496283766,MLA495493501,MLA499320471,MLA496249722
MLA12132,MLA499238368,MLA491532653,MLA495494302,MLA499674587,MLA498879602,MLA501099769,MLA498202465
MLA42335,MLA499617275
MLA47470,MLA498029246
MLA42337,MLA501266125
MLA72251,MLA501347313
MLA6847,MLA497189254
MLA6651,MLA501340842,MLA501340841,MLA499959809,MLA501340843,MLA500834523,MLA497375660,MLA498717392,MLA495069406,MLA501340830,MLA498717386,MLA501340831,MLA496738971,MLA498876743,MLA498717396,MLA498876572,MLA498876639,MLA498876902,MLA498233407,MLA499198678,MLA496935875,MLA499959822,MLA498876945
MLA119876,MLA493282808
MLA86287,MLA501097458,MLA493526461,MLA496283894,MLA495911962,MLA492630581,MLA498029237
MLA9853,MLA500680668
MLA18091,MLA499043898,MLA499046641
MLA32228,MLA498837910,MLA498539918,MLA498837928
MLA69930,MLA494503935
MLA82429,MLA498061585,MLA498049090
MLA121485,MLA500003197
MLA90685,MLA495703919
MLA6452,MLA493682041,MLA495619693,MLA500853422,MLA496202386,MLA499534167,MLA495072915,MLA495619797,MLA499624036,MLA496205306,MLA494239126,MLA499535110,MLA495326788,MLA497921029,MLA494239076,MLA500843622,MLA499534541,MLA494625286,MLA499534203,MLA493682411,MLA497916450,MLA500840516,MLA493674017,MLA493684946,MLA500851190,MLA500842782,MLA500857876,MLA493680591,MLA495072985,MLA494135006,MLA493798076,MLA500837287,MLA495619672,MLA500850846,MLA493797994,MLA498056785,MLA500837580,MLA498050562,MLA495619745,MLA499625820,MLA493684242,MLA500836304,MLA497916856,MLA499940433,MLA496206077,MLA500851432,MLA497920759,MLA494239175,MLA498046458,MLA498041218,MLA493687059,MLA495073031,MLA495619633,MLA498045655,MLA496206361,MLA493784175
MLA90686,MLA497314596,MLA500964486
MLA22635,MLA496942323,MLA497263565
MLA31750,MLA497922149
MLA44271,MLA494042838,MLA494995842,MLA496074513,MLA499638996
MLA86271,MLA493327336,MLA499238321
MLA120904,MLA500002796,MLA496211271,MLA496207663,MLA496209010,MLA494591015,MLA496205650
MLA86274,MLA498088821,MLA491668613,MLA498566750,MLA492803005,MLA498115342
MLA5848,MLA493792761,MLA493795992,MLA495908282,MLA498597999,MLA495699853,MLA498837899,MLA498598107,MLA498607592
MLA24075,MLA499384756
MLA24786,MLA494198470,MLA496071534,MLA496072120
MLA6656,MLA494210855,MLA492898354,MLA499278437,MLA490425434,MLA490639612,MLA496768289
MLA40987,MLA495145157
MLA24078,MLA499385858
MLA121492,MLA495386773
MLA2458,MLA495638584,MLA496942303,MLA497941164,MLA499582025,MLA496942299,MLA498664091,MLA496942306
MLA42144,MLA501567730,MLA498837909
MLA120917,MLA500002703,MLA500002518
MLA4335,MLA499121042,MLA495734139,MLA501567557,MLA500295740,MLA500998943
MLA40396,MLA493244843,MLA497085017
MLA105419,MLA500188676,MLA500188761
MLA22627,MLA496251297,MLA501538954,MLA497449026
MLA47492,MLA499626645
MLA47497,MLA500799892
MLA6201,MLA499041440,MLA495351776
MLA105420,MLA500188711,MLA494214918
MLA73986,MLA501553069
MLA73987,MLA493992829
MLA40950,MLA499965121,MLA494989253
MLA126211,MLA496112344
MLA38508,MLA498139593
MLA125329,MLA496935458,MLA497055770
MLA3898,MLA497195374,MLA497638134,MLA499091231,MLA499846169,MLA499743869
MLA7715,MLA495748067,MLA495748173
MLA31738,MLA501344874,MLA498316318,MLA495008537,MLA501344761,MLA500552512,MLA500514427
MLA12164,MLA501553544
MLA30067,MLA493762928
MLA70347,MLA499154126,MLA499582030,MLA496922775
MLA79293,MLA495499272,MLA501285063,MLA500911910,MLA498612002,MLA497116283,MLA498691872,MLA499907222,MLA496935872,MLA496935876,MLA498692084,MLA501484000,MLA501340838,MLA496935874,MLA500595720,MLA497820228,MLA500446930,MLA495502876,MLA499853268,MLA500474291,MLA499743872,MLA495069402,MLA498105167,MLA498105168,MLA496256371,MLA498105164,MLA498289973,MLA498614713,MLA499784853,MLA500595730,MLA499959816,MLA499514342,MLA498692859,MLA498289964,MLA497638978,MLA496858390,MLA501529635,MLA496448682,MLA498614006,MLA499850219,MLA493794973,MLA499786440,MLA499846159,MLA499091234,MLA499301246,MLA497637915,MLA498612592,MLA499970960,MLA498879807,MLA498692574,MLA498691599,MLA498614204,MLA498692266,MLA497195375,MLA498614872
MLA73996,MLA495917060,MLA495088319,MLA494542664,MLA498851765,MLA496904753,MLA497047118,MLA492093958,MLA498969726,MLA495495975,MLA493836881,MLA493994639,MLA498457885,MLA494542809
MLA86257,MLA495990033,MLA497086018,MLA498566944
MLA73995,MLA498871304,MLA500731220,MLA501552848,MLA500823506,MLA499178807,MLA498219363
MLA79290,MLA500890005,MLA496738989,MLA498922824,MLA496738983,MLA498879823
MLA70343,MLA499538595
MLA32139,MLA488558756,MLA495749808,MLA488247197,MLA492407993,MLA496495587,MLA500285693
MLA120549,MLA500593132
MLA74327,MLA498989657,MLA498589439
MLA120547,MLA500594957,MLA495122574
MLA37073,MLA492668635,MLA497088962,MLA498494144,MLA495253158
MLA60658,MLA494750606,MLA496315169
MLA120544,MLA493900366,MLA493836172,MLA500592467,MLA493851547,MLA500596154,MLA493901204,MLA493852734,MLA493851253,MLA493850855
MLA73963,MLA495494411,MLA497012597,MLA495107613,MLA500569573
MLA3698,MLA500706372
MLA73964,MLA500299983,MLA498814954,MLA498879694,MLA488966067,MLA500282491,MLA499263312,MLA493708747,MLA493786877,MLA493156641
MLA46308,MLA495942568,MLA500829106,MLA498029242,MLA498029221,MLA495264584,MLA498544172,MLA497329477
MLA50076,MLA500073774
MLA125152,MLA489888186,MLA494454484,MLA494108012
MLA73968,MLA495495549
MLA10583,MLA500696807,MLA493299328,MLA494993301,MLA492599050,MLA494026278,MLA493297967,MLA497628796,MLA497547755,MLA487333658,MLA494115311,MLA497547478,MLA494026261,MLA488216481,MLA492412186,MLA492881534,MLA488966056,MLA491260083,MLA497955699,MLA487765135,MLA497938774,MLA494045795,MLA488495959,MLA495557113,MLA490822864,MLA494991568,MLA494045800,MLA497752622,MLA497090129,MLA492412180,MLA489675554,MLA496462766,MLA499646035,MLA500580198,MLA497896864,MLA496074506,MLA490338871,MLA491260178,MLA498067394,MLA500251175,MLA496511100,MLA495557141,MLA492414384,MLA487348081,MLA498477093,MLA487763417,MLA500702618,MLA496458088,MLA498477090,MLA500702617,MLA500251228,MLA494115628,MLA494989257
MLA59337,MLA500654228
MLA72291,MLA498105163
MLA73962,MLA500568277,MLA495433125,MLA498202791
MLA37064,MLA496031326
MLA30857,MLA494042832
MLA40938,MLA499962628,MLA495487404,MLA499646030,MLA495487606,MLA495487546,MLA494989245,MLA494989833
MLA10575,MLA498030487,MLA498030489
MLA105423,MLA500188800,MLA500188806,MLA500207104,MLA500207185,MLA500188746
MLA10579,MLA498473710,MLA495450610,MLA498473708,MLA495655487,MLA498472997,MLA488852104,MLA499568585
MLA105424,MLA494566305,MLA496905536
MLA105431,MLA499617310
MLA30084,MLA494463115,MLA500775969
MLA125166,MLA495495302
MLA50087,MLA500073483
MLA70368,MLA494476481
MLA68111,MLA498026467
MLA30085,MLA498108749
MLA120944,MLA498063798,MLA496961263,MLA494717772,MLA495053760
MLA32143,MLA499466649,MLA492408023,MLA494219378,MLA497113153,MLA498671634,MLA486805838,MLA494150967
MLA109301,MLA500064845
MLA32140,MLA501581648,MLA499261423,MLA498983283,MLA500685892,MLA501583013,MLA498859252,MLA498990668,MLA498858809
MLA10892,MLA498305256,MLA498837102,MLA498837094
MLA40943,MLA496074507,MLA495382958,MLA498067404,MLA495487066,MLA499641485,MLA494042833
MLA73973,MLA497215389
MLA86030,MLA496738988,MLA499365875
MLA73971,MLA494538132,MLA498458117,MLA496007544,MLA497153784,MLA496034745,MLA495252521,MLA496828003,MLA494347845,MLA489746087